Food Name,Category,Dietary Preference,Ingredients,Cooking Instructions,Spice Level,Cooking Time (mins),Serving Size,Calories,Protein (g),Carbohydrates (g),Fats (g),Step-by-Step Cooking Guide
Dosa,South Indian,Vegetarian,"Rice, urad dal, salt, water, oil","Ferment batter, spread on tawa, cook until crispy.",High,30,2,151,19,17,2,"1. Soak rice and urad dal separately for 6 hours. 2. Grind them into a smooth batter. 3. Mix the batter, add salt, and ferment overnight. 4. Heat a dosa tawa, spread the batter thinly, and cook until crispy. 5. Serve with chutney and sambar."
Idli,South Indian,Vegetarian,"Rice, urad dal, salt, water","Ferment batter, steam in idli molds.",High,60,4,389,17,37,5,"1. Soak rice and urad dal separately for 6 hours. 2. Grind them into a smooth batter. 3. Mix the batter, add salt, and ferment overnight. 4. Pour the batter into idli molds and steam for 10-12 minutes. 5. Serve with chutney and sambar."
Poori,South Indian,Vegetarian,"Whole wheat flour, water, salt, oil for frying","Knead the dough, roll into small discs, deep-fry until golden and puffy",Mild,30,4,220,5,30,10,"1. Mix flour, salt, and water to form a soft dough. 2. Divide into small balls and roll them into circles. 3. Heat oil in a pan and deep-fry until golden and puffy. 4. Drain excess oil and serve hot."
Chapathi,South Indian,Vegetarian,"Whole wheat flour, water, salt, oil (optional)","Knead the dough, roll into discs, cook on a tawa until golden brown",Mild,20,4,120,3,25,2,"1. Mix flour, salt, and water to form a soft dough. 2. Rest the dough for 20 minutes. 3. Divide into small balls and roll into circles. 4. Cook on a hot tawa, flipping until brown spots appear. 5. Apply oil or butter if desired."
Sweet Pongal,South Indian,Vegetarian,"Rice, moong dal, jaggery, ghee, cashews, raisins, cardamom","Cook rice and dal, mix with jaggery syrup, add ghee-roasted nuts and cardamom",Mild,40,4,320,6,55,8,"1. Dry roast moong dal until aromatic. 2. Cook rice and moong dal together in water. 3. Melt jaggery with little water and strain. 4. Mix jaggery syrup with cooked rice and dal. 5. Add ghee-roasted cashews, raisins, and cardamom. 6. Stir well and serve warm."
Vada,South Indian,Vegetarian,"Urad dal, salt, curry leaves, green chilies","Grind dal, shape into rings, deep-fry until golden.",Medium,10,4,191,13,30,21,"1. Soak urad dal for 4 hours. 2. Grind into a thick batter. 3. Add chopped ginger, green chilies, and salt. 4. Shape into small rounds with a hole in the center. 5. Deep fry until golden brown. Serve with chutney."
Sambar,South Indian,High-Protein,"Toor dal, tamarind, veggies, sambar powder","Boil dal, add tamarind and veggies, simmer with spices.",Mild,45,2,323,6,62,13,"1. Pressure cook dal with turmeric. 2. Cook vegetables (like drumsticks, carrots, and onions) in tamarind water. 3. Add sambar powder, cooked dal, and salt. 4. Temper with mustard seeds, curry leaves, and asafoetida. 5. Serve hot with rice or idli."
Pongal,South Indian,Vegetarian,"Rice, moong dal, pepper, ghee, cashews","Cook rice and dal, temper with ghee and spices.",Mild,55,3,329,4,38,18,"1. Cook rice and moong dal in a pressure cooker. 2. In a pan, temper cumin seeds, pepper, ginger, and curry leaves in ghee. 3. Mix the tempering with the cooked rice and dal. 4. Add salt and cook for 5 minutes. 5. Serve hot with chutney or sambar."
Appam,South Indian,Gluten-Free,"Rice, coconut, yeast, sugar, salt","Ferment batter, cook in an appam pan until fluffy.",High,55,1,110,19,33,17,"1. Soak rice and urad dal for 6 hours. 2. Grind into a smooth batter with coconut milk. 3. Add salt and ferment overnight. 4. Heat an appam pan, pour the batter, and swirl to spread. 5. Cook until the edges are crispy and the center is soft. Serve with stew."
Neer Dosa,South Indian,Gluten-Free,"Rice, coconut, salt, water","Blend rice with coconut, make thin dosas on tawa.",Medium,25,3,179,30,37,5,"1. Soak rice for 3-4 hours. 2. Grind into a smooth, watery batter. 3. Add salt and mix well. 4. Heat a dosa tawa, pour a ladle of batter, and spread thinly. 5. Cook for a minute and fold. Serve with chutney or curry."
Rasam,South Indian,Low-Calorie,"Tamarind, tomatoes, rasam powder, toor dal","Boil tamarind, add tomatoes and spices, temper.",Mild,40,1,491,10,14,23,"1. Boil tamarind water with tomatoes, rasam powder, and salt. 2. Add cooked dal and mix well. 3. Temper with mustard seeds, cumin seeds, curry leaves, and garlic in ghee. 4. Add the tempering to the rasam. 5. Garnish with coriander leaves and serve hot."
Avial,South Indian,High-Fiber,"Mixed vegetables, coconut, yogurt, curry leaves","Boil veggies, mix with coconut paste, add yogurt.",High,20,4,395,20,70,23,"1. Cut vegetables (like carrots, beans, and drumsticks) into long pieces. 2. Cook the vegetables with turmeric and salt. 3. Grind coconut, green chilies, and cumin into a paste. 4. Add the paste to the cooked vegetables. 5. Mix well and cook for 5 minutes. Serve with rice."
Puttu,South Indian,Gluten-Free,"Rice flour, coconut, water, salt",Steam rice flour layers with coconut.,Medium,15,3,239,30,23,10,1. Mix rice flour with salt and water to make a crumbly mixture. 2. Layer the mixture with grated coconut in a puttu maker. 3. Steam for 5-7 minutes. 4. Serve with kadala curry or banana.
Kadala Curry,South Indian,High-Protein,"Black chickpeas, coconut, spices","Cook chickpeas, make coconut gravy, simmer.",Mild,20,3,127,25,76,3,"1. Soak black chickpeas overnight and pressure cook. 2. Sauté onions, ginger, garlic, and green chilies. 3. Add curry leaves, tomatoes, and kadala curry powder. 4. Add cooked chickpeas and coconut milk. 5. Simmer for 10 minutes. Serve with puttu or appam."
Uttapam,South Indian,Vegetarian,"Dosa batter, onions, tomatoes, chilies","Pour batter thickly, top with veggies, cook on tawa.",Medium,50,4,437,7,28,22,"1. Use fermented dosa batter. 2. Heat a tawa, pour a ladle of batter, and spread thickly. 3. Top with chopped onions, tomatoes, and green chilies. 4. Cook until the base is golden brown. 5. Flip and cook the other side. Serve with chutney."
Kuzhi Paniyaram,South Indian,Vegetarian,"Dosa batter, onions, mustard seeds, curry leaves","Pour batter in paniyaram pan, cook till golden.",Medium,25,2,461,14,10,2,"1. Use fermented dosa batter. 2. Heat a paniyaram pan, add oil to each mold. 3. Pour batter into each mold. 4. Cook until golden brown on both sides. 5. Serve with chutney or sambar."
Adai,South Indian,High-Protein,"Rice, mixed dals, chilies, curry leaves","Soak, grind, make thick dosas on tawa.",Mild,45,3,163,20,22,8,"1. Soak rice, dal, and spices for 4 hours. 2. Grind into a coarse batter. 3. Add chopped onions, curry leaves, and salt. 4. Spread the batter on a hot tawa and cook until crispy. 5. Serve with avial or chutney."
Thalassery Biryani,South Indian,Non-Vegetarian,"Basmati rice, chicken, whole spices, ghee","Cook chicken, layer with rice, dum cook.",Mild,15,1,342,20,21,10,1. Marinate chicken with spices and yogurt. 2. Cook rice with whole spices until 70% done. 3. Layer the marinated chicken and rice in a pot. 4. Seal with dough and cook on low heat (dum) for 20 minutes. 5. Serve with raita and salad.
Chettinad Chicken,South Indian,High-Protein,"Chicken, coconut, Chettinad spices","Cook chicken with masala, simmer until rich.",Medium,35,2,221,14,17,6,"1. Marinate chicken with Chettinad masala and yogurt. 2. Sauté onions, ginger, garlic, and tomatoes. 3. Add marinated chicken and cook until tender. 4. Add coconut milk and simmer. 5. Garnish with coriander leaves. Serve with rice or parotta."
Mysore Pak,South Indian,High-Calorie,"Besan, sugar, ghee",Cook besan with sugar and ghee till set.,Mild,30,2,314,25,80,24,"1. Heat ghee in a pan. 2. Mix besan, sugar, and water in another pan. 3. Cook until the mixture thickens. 4. Add hot ghee gradually and stir continuously. 5. Pour into a greased tray, cool, and cut into pieces."
Parippu Curry,South Indian,High-Protein,"Toor dal, coconut, cumin, garlic","Cook dal, add coconut paste, temper.",Mild,40,2,519,2,43,6,"1. Cook moong dal with turmeric and water. 2. Temper mustard seeds, curry leaves, and garlic in ghee. 3. Add the tempering to the cooked dal. 4. Add coconut milk and salt. 5. Simmer for 5 minutes. Serve with rice."
Payasam,South Indian,Vegetarian,"Milk, jaggery, rice, cardamom, nuts",Simmer milk with rice and sweeteners.,High,60,3,419,24,34,4,1. Cook rice or vermicelli in milk. 2. Add sugar and cardamom powder. 3. Cook until thickened. 4. Fry nuts and raisins in ghee. 5. Add the fried nuts to the payasam. Serve warm or cold.
Theeyal,South Indian,High-Fiber,"Coconut, tamarind, shallots, spices","Roast coconut, grind, cook with tamarind gravy.",Medium,55,2,191,17,22,15,"1. Roast coconut, coriander seeds, and red chilies until brown. 2. Grind into a paste. 3. Cook vegetables (like shallots and drumsticks) in tamarind water. 4. Add the ground paste and salt. 5. Simmer for 10 minutes. Serve with rice."
Coconut Chutney,South Indian,High-Fiber,"Coconut, green chilies, curry leaves","Grind with water, temper with mustard seeds.",High,35,3,421,16,28,20,"1. Grind coconut, roasted chana dal, green chilies, and ginger into a paste. 2. Add water to adjust consistency. 3. Temper mustard seeds, curry leaves, and red chilies in oil. 4. Add the tempering to the chutney. 5. Serve with dosa or idli."
Tomato Gojju,South Indian,Vegetarian,"Tomatoes, tamarind, mustard seeds, jaggery",Cook tomatoes with spices until thick.,Mild,10,4,553,28,36,19,"1. Cook tomatoes until soft. 2. Add tamarind water, jaggery, and salt. 3. Temper mustard seeds, curry leaves, and asafoetida in oil. 4. Add the tempering to the tomato mixture. 5. Simmer for 5 minutes. Serve with rice or dosa."
Puliyodarai,South Indian,Vegetarian,"Tamarind, rice, peanuts, curry leaves","Cook tamarind paste, mix with cooked rice.",High,30,3,294,27,40,24,"1. Cook rice and let it cool. 2. Prepare tamarind paste with spices and jaggery. 3. Temper mustard seeds, curry leaves, and peanuts in oil. 4. Mix the tamarind paste and tempering with the rice. 5. Serve with papad or curd."
Kothu Parotta,South Indian,Non-Vegetarian,"Parotta, egg, onion, tomato, masala","Tear parotta, stir-fry with masala and eggs.",Mild,25,2,371,18,70,4,"1. Shred parotta into small pieces. 2. Sauté onions, tomatoes, and spices. 3. Add shredded parotta and mix well. 4. Add beaten eggs (optional) and cook until dry. 5. Garnish with coriander leaves. Serve hot."
Vegetable Kurma,South Indian,High-Fiber,"Mixed vegetables, coconut, yogurt, spices",Cook veggies with coconut-based masala.,Medium,15,3,480,3,15,23,"1. Cook mixed vegetables (like carrots, beans, and peas) with turmeric and salt. 2. Grind coconut, cashews, and spices into a paste. 3. Add the paste to the cooked vegetables. 4. Simmer for 10 minutes. 5. Serve with parotta or rice."
Malabar Parotta,South Indian,Vegetarian,"Maida, egg, ghee, salt","Knead, roll, fold, and cook on tawa.",Mild,50,4,335,17,61,17,"1. Knead maida, egg, and water into a soft dough. 2. Divide into small balls and roll into thin sheets. 3. Fold the sheets into layers and roll again. 4. Cook on a tawa with ghee until golden brown. 5. Serve with kurma or curry."
Bisi Bele Bath,South Indian,Vegetarian,"Rice, toor dal, tamarind, Bisi Bele spice mix","Cook dal, rice, tamarind, mix with spice blend.",Mild,40,4,329,23,39,15,"1. Cook rice and dal with vegetables. 2. Prepare bisi bele bath powder with spices. 3. Add tamarind water, jaggery, and salt to the cooked rice and dal. 4. Mix well and cook for 10 minutes. 5. Temper with mustard seeds, curry leaves, and cashews. Serve with papad."
Semiya Upma,South Indian,Vegetarian,"Vermicelli, onion, mustard seeds, curry leaves","Roast vermicelli, cook with water and spices.",Medium,20,1,228,14,22,16,"1. Roast vermicelli in ghee until golden. 2. Sauté mustard seeds, urad dal, onions, and green chilies. 3. Add water and salt, bring to a boil. 4. Add roasted vermicelli and cook until soft. 5. Garnish with coriander leaves. Serve with chutney."
Ragi Mudde,South Indian,High-Fiber,"Ragi flour, water, salt","Cook flour with water, shape into balls.",High,25,1,461,22,55,6,1. Boil water in a pan. 2. Add ragi flour gradually and stir continuously. 3. Cook until the mixture thickens. 4. Shape into balls using wet hands. 5. Serve with sambar or curry.
Dum Ka Chicken,South Indian,High-Protein,"Chicken, yogurt, whole spices","Marinate, slow-cook on dum.",High,50,3,371,6,45,21,"1. Marinate chicken with spices and yogurt. 2. Sauté onions, ginger, garlic, and tomatoes. 3. Add marinated chicken and cook until tender. 4. Seal the pot with dough and cook on low heat (dum) for 20 minutes. 5. Garnish with coriander leaves. Serve with naan or rice."
Kara Kuzhambu,South Indian,Vegetarian,"Tamarind, brinjal, sambar powder",Cook tamarind gravy with vegetables and spices.,High,15,2,517,4,27,24,"1. Prepare tamarind water and add sambar powder. 2. Cook vegetables (like drumsticks and brinjal) in the tamarind water. 3. Temper mustard seeds, fenugreek seeds, and curry leaves in oil. 4. Add the tempering to the kuzhambu. 5. Simmer for 10 minutes. Serve with rice."
Poriyal,South Indian,High-Fiber,"Mixed vegetables, coconut, mustard seeds","Stir-fry veggies, add coconut and tempering.",Mild,20,2,108,15,15,2,"1. Cook vegetables (like beans or carrots) with turmeric and salt. 2. Temper mustard seeds, urad dal, and curry leaves in oil. 3. Add grated coconut and sauté. 4. Mix with the cooked vegetables. 5. Serve as a side dish."
Erissery,South Indian,High-Fiber,"Pumpkin, coconut, beans, cumin","Cook pumpkin, blend coconut, temper.",Mild,40,2,263,2,45,5,"1. Cook pumpkin and black-eyed peas with turmeric and salt. 2. Grind coconut, cumin, and green chilies into a paste. 3. Add the paste to the cooked vegetables. 4. Temper mustard seeds and curry leaves in coconut oil. 5. Add the tempering to the erissery. Serve with rice."
Banana Chips,South Indian,Gluten-Free,"Raw bananas, coconut oil, salt","Slice bananas, deep-fry until crispy.",Medium,40,4,283,7,23,4,1. Slice raw bananas thinly. 2. Soak in turmeric water for 10 minutes. 3. Heat oil and fry the slices until crispy. 4. Drain excess oil and sprinkle salt. 5. Cool and store in an airtight container.
Murukku,South Indian,Vegetarian,"Rice flour, urad dal flour, butter, sesame seeds","Knead dough, shape, deep-fry.",Medium,25,3,467,16,34,21,"1. Mix rice flour, urad dal flour, cumin seeds, and butter. 2. Add water to make a dough. 3. Use a murukku press to shape the dough into spirals. 4. Deep fry until golden brown. 5. Cool and store in an airtight container."
Thattai,South Indian,Vegetarian,"Rice flour, urad dal flour, spices","Make dough, flatten, deep-fry.",Medium,60,1,475,2,73,22,"1. Mix rice flour, urad dal flour, butter, and spices. 2. Add water to make a dough. 3. Shape into small discs and flatten. 4. Deep fry until crispy. 5. Cool and store in an airtight container."
Pesarattu,South Indian,High-Protein,"Green gram, ginger, chilies","Grind soaked dal, make thin dosas.",Medium,20,3,482,17,61,25,1. Soak green gram dal for 4 hours. 2. Grind into a smooth batter with ginger and green chilies. 3. Add salt and mix well. 4. Spread the batter on a hot tawa and cook until crispy. 5. Serve with ginger chutney.
Kappa,South Indian,Gluten-Free,"Tapioca, coconut, green chilies","Boil and mash, mix with coconut paste.",High,40,2,179,26,48,15,"1. Boil tapioca (kappa) with turmeric and salt. 2. Mash the cooked tapioca. 3. Temper mustard seeds, curry leaves, and green chilies in coconut oil. 4. Add the tempering to the mashed tapioca. 5. Serve with fish curry or chutney."
Kadubu,South Indian,Gluten-Free,"Rice flour, coconut, jaggery",Steam rice flour dumplings with coconut filling.,Mild,30,4,263,21,77,16,1. Prepare rice flour dough with water and salt. 2. Shape the dough into small cups. 3. Fill the cups with a mixture of jaggery and coconut. 4. Steam the kadubu for 10-15 minutes. 5. Serve warm.
Obbattu,South Indian,Vegetarian,"Maida, chana dal, jaggery, ghee","Make dough, stuff with sweet dal filling, cook.",Mild,40,1,386,20,11,11,"1. Prepare a dough with maida and water. 2. Prepare a filling with chana dal, jaggery, and cardamom. 3. Roll the dough into small discs, add the filling, and seal. 4. Roll again into thin discs and cook on a tawa. 5. Serve with ghee or milk."
Mysore Masala Dosa,South Indian,Vegetarian,"Dosa batter, potato filling, chutneys","Spread dosa, stuff with potato masala.",Medium,15,3,427,22,27,8,1. Prepare dosa batter (same as regular dosa). 2. Spread a layer of red chutney on the dosa. 3. Add potato masala in the center. 4. Fold the dosa and cook until crispy. 5. Serve with coconut chutney and sambar.
Neyyappam,South Indian,Vegetarian,"Rice flour, jaggery, ghee, banana","Mix, pour batter in oil, deep-fry.",Mild,55,1,214,17,75,22,"1. Soak rice and urad dal for 4 hours. 2. Grind into a smooth batter with jaggery and cardamom. 3. Add chopped banana and coconut pieces. 4. Heat a paniyaram pan, add ghee to each mold. 5. Pour the batter and cook until golden brown. Serve warm."
Kharabath,South Indian,Vegetarian,"Rava, vegetables, ghee, spices","Roast rava, cook with veggies and masala.",Medium,35,4,268,26,29,6,"1. Roast rava in ghee until aromatic. 2. Add water, salt, and cook until the rava is soft. 3. Add coconut milk and mix well. 4. Temper mustard seeds, curry leaves, and green chilies in ghee. 5. Add the tempering to the kharabath. Serve with chutney."
Puli Inji,South Indian,Vegetarian,"Tamarind, ginger, jaggery, mustard seeds",Cook tamarind paste with ginger and jaggery.,Medium,50,2,543,4,71,12,"1. Sauté ginger, green chilies, and curry leaves in oil. 2. Add tamarind water, jaggery, and salt. 3. Cook until the mixture thickens. 4. Add roasted fenugreek powder. 5. Cool and store in an airtight container. Serve as a side dish."
Sukha Bonda,South Indian,Vegetarian,"Gram flour, potatoes, green chilies","Coat mashed potato balls in batter, deep-fry.",Medium,20,3,283,6,24,10,"1. Mix besan, rice flour, and spices with water to make a thick batter. 2. Shape into small balls. 3. Deep fry until golden brown. 4. Drain excess oil. 5. Serve with chutney or tea."
Rava Kesari,South Indian,Vegetarian,"Rava, sugar, ghee, cardamom, nuts","Roast rava, cook with sugar syrup.",High,20,3,132,6,68,1,"1. Roast rava in ghee until aromatic. 2. Add water, sugar, and cook until the rava is soft. 3. Add food color (optional) and cardamom powder. 4. Add fried nuts and raisins. 5. Serve warm."
Paruppu Vadai,South Indian,High-Protein,"Chana dal, curry leaves, chilies","Grind dal, shape, deep-fry.",Mild,40,4,547,7,38,16,"1. Soak chana dal and urad dal for 4 hours. 2. Grind into a coarse batter with green chilies and ginger. 3. Add chopped onions, curry leaves, and salt. 4. Shape into small discs and deep fry. 5. Serve with chutney."
Kuzhambu,South Indian,Vegetarian,"Tamarind, vegetables, sambar powder",Cook tamarind broth with spices.,Mild,35,2,448,23,44,21,"1. Prepare tamarind water and add sambar powder. 2. Cook vegetables (like drumsticks and brinjal) in the tamarind water. 3. Temper mustard seeds, fenugreek seeds, and curry leaves in oil. 4. Add the tempering to the kuzhambu. 5. Simmer for 10 minutes. Serve with rice."
Venthaya Kuzhambu,South Indian,Vegetarian,"Fenugreek, tamarind, jaggery, spices",Cook tamarind broth with fenugreek.,High,40,1,400,12,68,14,"1. Prepare tamarind water and add fenugreek powder. 2. Cook vegetables (like drumsticks and brinjal) in the tamarind water. 3. Temper mustard seeds, fenugreek seeds, and curry leaves in oil. 4. Add the tempering to the kuzhambu. 5. Simmer for 10 minutes. Serve with rice."
Sundal,South Indian,High-Protein,"Chickpeas, coconut, mustard seeds","Boil chickpeas, temper, add coconut.",Medium,20,4,195,8,12,17,"1. Soak chickpeas overnight and pressure cook. 2. Temper mustard seeds, urad dal, and curry leaves in oil. 3"
Curd Rice,South Indian,Probiotic,"Rice, curd, mustard seeds, green chilies","Mix rice with curd, temper with mustard seeds.",Mild,35,4,122,13,31,16,"1. Cook rice and let it cool. 2. Mix curd (yogurt) with the rice. 3. Temper mustard seeds, urad dal, curry leaves, and green chilies in oil. 4. Add the tempering to the curd rice. 5. Garnish with grated carrots or pomegranate seeds. Serve chilled."
Tomato Rasam,South Indian,Vegetarian,"Tomatoes, tamarind, rasam powder","Boil with tamarind, temper with spices.",Medium,60,2,491,22,62,12,"1. Boil tomatoes, tamarind water, and rasam powder. 2. Add cooked dal and salt. 3. Temper mustard seeds, cumin seeds, curry leaves, and garlic in ghee. 4. Add the tempering to the rasam. 5. Garnish with coriander leaves. Serve hot with rice."
Chicken Biryani,South Indian,Non-Vegetarian,"Basmati rice, chicken, onions, tomatoes, yogurt, biryani masala, ginger-garlic paste, green chilies, saffron, milk, ghee, whole spices (bay leaf, cloves, cardamom, cinnamon, coriander, mint","Marinate chicken, cook with spices, layer with partially cooked rice, and dum cook (slow cook)",Spicy,60,2,500,25,60,15,"1. Marinate chicken with yogurt, spices, and ginger-garlic paste for at least 30 minutes. 2. Cook onions, tomatoes, and marinated chicken in a pan until tender. 3. Partially cook basmati rice with whole spices. 4. Layer the chicken and rice in a pot, adding saffron milk, ghee, and herbs. 5. Dum cook (seal the pot and slow cook) for 20-30 minutes. 6. Serve hot with raita."
Mutton Biryani,South Indian,Non-Vegetarian,"Basmati rice, mutton, onions, tomatoes, yogurt, biryani masala, ginger-garlic paste, green chilies, saffron, milk, ghee, whole spices (bay leaf, cloves, cardamom, cinnamon, coriander, mint","Marinate mutton, pressure cook until tender, layer with rice, and dum cook",Spicy,90,2,600,30,65,18,"1. Marinate mutton with yogurt, spices, and ginger-garlic paste for at least 1 hour. 2. Pressure cook mutton with onions, tomatoes, and spices until tender. 3. Partially cook basmati rice with whole spices. 4. Layer the mutton and rice in a pot, adding saffron milk, ghee, and herbs. 5. Dum cook (seal the pot and slow cook) for 30 minutes. 6. Serve hot with raita and boiled eggs."
Thengai Sadam,South Indian,High-Fiber,"Rice, coconut, green chilies, curry leaves","Cook rice, mix with tempered coconut.",High,20,1,523,6,79,10,"1. Cook rice and let it cool. 2. Grind coconut, green chilies, and cumin into a coarse paste. 3. Temper mustard seeds, urad dal, curry leaves, and cashews in oil. 4. Mix the coconut paste and tempering with the rice. 5. Serve with papad or pickle."
Vegetable Kuruma,South Indian,Vegetarian,"Mixed vegetables (carrot, beans, potato, peas), coconut, green chilies, yogurt, cashews, garam masala, poppy seeds, ginger-garlic paste, whole spices (bay leaf, cardamom, cinnamon, coriander, curry leaves",Cook vegetables with coconut paste and spices until thick gravy forms,Medium,40,1,250,7,35,8,"1. Grind coconut, green chilies, cashews, and poppy seeds into a paste. 2. Sauté onions, ginger-garlic paste, and whole spices in a pan. 3. Add chopped vegetables and cook for a few minutes. 4. Add the coconut paste, yogurt, and water, then simmer. 5. Cook until vegetables are tender and gravy thickens. 6. Garnish with coriander and serve hot."
Potato Masala,South Indian,Vegetarian,"Potatoes, onions, green chilies, mustard seeds, curry leaves, turmeric, salt, oil","Boil and mash potatoes, cook with tempered spices and onions",Mild,25,1,200,4,30,6,"1. Boil potatoes, peel, and mash them coarsely. 2. Heat oil in a pan, add mustard seeds, curry leaves, and green chilies. 3. Add onions and sauté until soft. 4. Add mashed potatoes, turmeric, and salt. 5. Mix well, cook for a few minutes, and serve."
Chicken Gravy,South Indian,Non-Vegetarian,"Chicken, onions, tomatoes, ginger-garlic paste, garam masala, chili powder, coriander powder, yogurt, whole spices (cardamom, cloves, cinnamon, curry leaves",Cook chicken with a spiced onion-tomato base to make a thick gravy,Spicy,50,1,450,28,40,15,"1. Heat oil, sauté whole spices, onions, and ginger-garlic paste. 2. Add chopped tomatoes and cook until soft. 3. Add chicken pieces, spices, and yogurt, mix well. 4. Add water and simmer until chicken is tender. 5. Garnish with coriander leaves and serve hot."
Mutton Gravy,South Indian,Non-Vegetarian,"Mutton, onions, tomatoes, ginger-garlic paste, garam masala, chili powder, coriander powder, whole spices (bay leaf, cloves, cinnamon, coconut paste, curry leaves",Pressure cook mutton with spices and blend with a thick masala gravy,Spicy,70,1,550,32,45,18,"1. Heat oil, sauté whole spices, onions, and ginger-garlic paste. 2. Add tomatoes, cook until soft. 3. Add mutton, spices, and cook in a pressure cooker until tender. 4. Add coconut paste and simmer to thicken. 5. Garnish with coriander and serve hot."
Fish Fry,South Indian,Non-Vegetarian,"Fish fillets, chili powder, turmeric, lemon juice, ginger-garlic paste, salt, oil",Marinate fish and shallow fry until crispy,Spicy,30,1,250,22,10,12,"1. Mix chili powder, turmeric, salt, lemon juice, and ginger-garlic paste. 2. Apply marinade to fish fillets and rest for 30 minutes. 3. Heat oil in a pan, shallow fry fish until golden brown. 4. Serve hot with lemon wedges and onion rings."
Fish Kulambu,South Indian,Non-Vegetarian,"Fish, tamarind, onions, tomatoes, garlic, mustard seeds, curry leaves, chili powder, coriander powder, turmeric, coconut milk",Simmer fish in a spicy tamarind-based gravy until tender,Spicy,45,1,400,25,35,14,"1. Heat oil, add mustard seeds, curry leaves, and garlic. 2. Add onions and tomatoes, sauté until soft. 3. Add tamarind extract, spices, and water. 4. Bring to a boil, add fish pieces, and cook until done. 5. Finish with coconut milk and simmer. 6. Serve hot with rice."
Chicken 65,South Indian,Non-Vegetarian,"Chicken, yogurt, red chili powder, turmeric, ginger-garlic paste, curry leaves, green chilies, cornflour, lemon juice, oil","Marinate chicken, deep-fry until crispy, and toss in spicy seasoning",Spicy,40,1,350,28,20,18,"1. Marinate chicken with yogurt, chili powder, turmeric, and ginger-garlic paste for 1 hour. 2. Coat with cornflour and deep-fry until golden. 3. Heat oil, add curry leaves and green chilies. 4. Toss fried chicken in seasoning. 5. Serve hot with lemon wedges."
Pasta,Foreign,Vegetarian,"Pasta, sauce (tomato/cream), garlic, herbs","Boil pasta, mix with sauce and season.",Medium,15,4,452,29,10,16,"1. Boil pasta in salted water until al dente. 2. Sauté garlic, onions, and tomatoes in olive oil. 3. Add cooked pasta to the sauce. 4. Toss well and garnish with cheese. 5. Serve hot."
Tacos,Foreign,Vegetarian,"Tortillas, meat, salsa, lettuce, cheese","Cook meat, assemble with toppings in tortillas.",Mild,45,1,562,26,46,7,"1. Cook seasoned ground meat or veggies. 2. Warm taco shells. 3. Fill shells with the cooked filling. 4. Top with lettuce, cheese, and salsa. 5. Serve with lime wedges."
Falafel,Foreign,High-Protein,"Chickpeas, garlic, herbs, flour","Blend, shape, deep-fry until golden.",High,25,4,546,21,19,3,1. Soak chickpeas overnight. 2. Blend with herbs and spices into a coarse mixture. 3. Shape into balls and deep fry. 4. Serve in pita bread with tahini sauce.
Ramen,Foreign,Vegetarian,"Noodles, broth, meat, egg, soy sauce","Cook broth, add noodles & toppings, serve hot.",Mild,60,3,519,21,52,5,"1. Boil ramen noodles. 2. Prepare broth with soy sauce, miso, or tonkotsu base. 3. Add toppings like boiled eggs, pork, and veggies. 4. Assemble noodles, broth, and toppings. 5. Serve hot."
Paella,Foreign,Non-Vegetarian,"Rice, seafood/chicken, saffron, veggies","Cook rice with broth, add proteins and spices.",High,45,1,310,9,37,18,"1. Sauté onions, garlic, and bell peppers in olive oil. 2. Add rice and saffron, cook briefly. 3. Add broth, seafood, and chorizo. 4. Simmer until rice is cooked. 5. Garnish with lemon wedges."
Croissant,Foreign,Vegetarian,"Flour, butter, sugar, yeast","Fold dough with butter, roll, bake.",High,60,2,374,17,11,9,"1. Prepare dough with flour, butter, yeast, and milk. 2. Fold and roll the dough multiple times to create layers. 3. Shape into crescents and proof. 4. Bake at 200°C until golden. 5. Serve warm."
Hummus,Foreign,High-Protein,"Chickpeas, tahini, garlic, lemon",Blend all ingredients until smooth.,Medium,25,3,423,30,45,7,"1. Blend cooked chickpeas, tahini, garlic, lemon juice, and olive oil. 2. Add water for desired consistency. 3. Season with salt and cumin. 4. Garnish with paprika and olive oil. 5. Serve with pita bread."
Burrito,Foreign,Vegetarian,"Tortilla, rice, beans, meat, salsa","Fill tortilla, wrap tightly, serve.",High,30,1,282,26,62,17,"1. Cook seasoned rice, beans, and meat. 2. Warm a tortilla. 3. Layer rice, beans, meat, cheese, and salsa. 4. Roll tightly into a burrito. 5. Serve with guacamole."
Quesadilla,Foreign,Vegetarian,"Tortilla, cheese, meat/veggies","Fill tortilla with cheese, grill until golden.",Medium,45,1,594,29,32,13,"1. Place cheese and fillings (chicken, veggies) on a tortilla. 2. Top with another tortilla. 3. Cook on a skillet until cheese melts. 4. Cut into wedges. 5. Serve with salsa and sour cream."
Spring Rolls,Foreign,Vegetarian,"Rice paper, veggies, shrimp","Roll fillings in rice paper, serve fresh.",High,35,1,423,28,49,22,"1. Soak rice paper in water until soft. 2. Fill with veggies, noodles, and shrimp. 3. Roll tightly. 4. Serve with dipping sauce."
Pad Thai,Foreign,Vegetarian,"Rice noodles, tofu/shrimp, peanuts, egg",Stir-fry noodles with sauce and toppings.,High,40,1,326,18,16,24,"1. Soak rice noodles. 2. Sauté shrimp, tofu, and eggs. 3. Add noodles, tamarind sauce, and fish sauce. 4. Toss well and garnish with peanuts. 5. Serve with lime wedges."
Pho,Foreign,Non-Vegetarian,"Rice noodles, beef, broth, spices","Simmer broth, add noodles and meat.",High,25,4,444,20,62,1,"1. Simmer beef bones, spices, and herbs for broth. 2. Cook rice noodles. 3. Slice raw beef thinly. 4. Assemble noodles, beef, and broth. 5. Garnish with herbs and lime."
Shawarma,Foreign,Non-Vegetarian,"Chicken/lamb, pita, garlic sauce","Marinate meat, grill, wrap in pita.",Mild,40,4,213,14,58,20,1. Marinate chicken or lamb with spices and yogurt. 2. Grill or roast until cooked. 3. Slice thinly. 4. Wrap in flatbread with garlic sauce and veggies. 5. Serve with pickles.
Bulgogi,Foreign,Non-Vegetarian,"Beef, soy sauce, sugar, garlic","Marinate beef, grill, serve with rice.",Mild,40,4,419,16,11,5,"1. Thinly slice beef and marinate with soy sauce, sugar, and sesame oil. 2. Grill or sauté until caramelized. 3. Serve with rice and lettuce wraps."
Kimchi,Foreign,Probiotic,"Cabbage, chili paste, garlic",Ferment cabbage with spices.,Mild,40,4,132,15,10,20,"1. Salt cabbage and let it sit. 2. Prepare a paste with chili powder, garlic, ginger, and fish sauce. 3. Mix cabbage with the paste. 4. Ferment for a few days. 5. Serve as a side dish."
Dim Sum,Foreign,Non-Vegetarian,"Dumpling wrappers, meat/veggie filling","Fill wrappers, steam until cooked.",High,45,4,444,25,72,14,1. Prepare dumpling dough. 2. Fill with minced meat or veggies. 3. Steam or fry until cooked. 4. Serve with dipping sauce.
Gyoza,Foreign,Non-Vegetarian,"Dumpling wrappers, pork, ginger","Fill, pan-fry, then steam.",High,60,2,464,25,26,9,1. Prepare dumpling wrappers. 2. Fill with minced pork and veggies. 3. Pan-fry until crispy. 4. Serve with soy sauce.
Moussaka,Foreign,Vegetarian,"Eggplant, ground beef, tomato sauce","Layer eggplant & meat, bake.",Mild,50,3,554,19,20,22,1. Layer sliced eggplant and spiced ground meat in a baking dish. 2. Top with béchamel sauce. 3. Bake until golden. 4. Let it cool. 5. Serve warm.
Spaghetti Bolognese,Foreign,Non-Vegetarian,"Spaghetti, ground beef, tomato sauce","Cook meat sauce, mix with spaghetti.",High,25,2,416,30,73,15,"1. Sauté onions, garlic, and ground beef. 2. Add tomatoes, herbs, and simmer. 3. Cook spaghetti. 4. Toss pasta with the sauce. 5. Serve with grated cheese."
Lasagna,Foreign,Vegetarian,"Lasagna sheets, meat sauce, cheese","Layer sheets, sauce, cheese, bake.",High,10,3,208,7,47,19,1. Layer cooked pasta sheets with bolognese sauce and béchamel. 2. Repeat layers and top with cheese. 3. Bake until bubbly and golden. 4. Let it rest. 5. Serve warm.
Carbonara,Foreign,Non-Vegetarian,"Pasta, eggs, pancetta, cheese",Toss pasta with egg mixture and pancetta.,Medium,30,3,363,21,39,4,"1. Cook spaghetti. 2. Sauté pancetta or bacon. 3. Mix eggs, cheese, and pepper. 4. Toss pasta with pancetta and egg mixture. 5. Serve immediately."
French Fries,Foreign,Vegetarian,"Potatoes, oil, salt","Cut, deep-fry until crispy.",Mild,40,2,531,21,35,21,1. Cut potatoes into sticks. 2. Soak in water to remove starch. 3. Fry at 160°C until soft. 4. Increase heat to 190°C and fry until crispy. 5. Serve with ketchup.
Doner Kebab,Foreign,Non-Vegetarian,"Lamb, pita, garlic sauce","Cook meat on a spit, slice, serve in pita.",Medium,15,4,327,29,69,15,1. Marinate meat with spices and yogurt. 2. Stack on a vertical rotisserie and cook. 3. Slice thinly. 4. Serve in flatbread with veggies and sauce.
Schnitzel,Foreign,Non-Vegetarian,"Chicken/pork, breadcrumbs, egg","Bread meat, pan-fry until golden.",Medium,35,3,248,2,15,18,"1. Pound meat thin. 2. Coat with flour, egg, and breadcrumbs. 3. Fry until golden. 4. Serve with lemon wedges."
Goulash,Foreign,Non-Vegetarian,"Beef, paprika, onions, tomatoes",Slow-cook beef with spices.,Mild,25,2,360,24,72,19,"1. Sauté onions and beef. 2. Add paprika, tomatoes, and broth. 3. Simmer until tender. 4. Serve with bread or dumplings."
Fish and Chips,Foreign,Non-Vegetarian,"Fish fillet, potatoes, flour, oil","Batter fish, deep-fry with fries.",Medium,15,2,578,11,59,14,1. Coat fish fillets in batter. 2. Fry until golden. 3. Cut potatoes into sticks and fry. 4. Serve with tartar sauce.
Poutine,Foreign,Vegetarian,"Fries, cheese curds, gravy","Layer fries, curds, pour hot gravy.",Medium,10,2,155,12,14,5,1. Cut potatoes into fries and fry. 2. Top with cheese curds. 3. Pour hot gravy over the fries. 4. Serve immediately.
Bagel,Foreign,Vegetarian,"Flour, yeast, sugar, water","Shape dough, boil, bake.",Mild,45,2,250,26,37,3,"1. Prepare dough with flour, yeast, and water. 2. Shape into rings and boil. 3. Bake until golden. 4. Serve with cream cheese or toppings."
Cheesecake,Foreign,Vegetarian,"Cream cheese, sugar, eggs, crust","Mix, pour over crust, bake.",High,25,3,223,6,30,13,"1. Mix crushed biscuits and butter for the base. 2. Blend cream cheese, sugar, and eggs for the filling. 3. Bake in a water bath. 4. Chill and serve."
Mac and Cheese,Foreign,Vegetarian,"Pasta, cheese, milk, butter","Cook pasta, mix with cheese sauce.",Medium,50,2,586,6,52,3,"1. Cook macaroni. 2. Make a cheese sauce with butter, flour, milk, and cheese. 3. Mix with macaroni. 4. Bake until bubbly. 5. Serve hot."
Lobster Roll,Foreign,Non-Vegetarian,"Lobster, mayo, buttered bun","Mix lobster with mayo, serve in bun.",Medium,40,2,554,21,59,4,"1. Cook and chop lobster meat. 2. Mix with mayo, lemon juice, and herbs. 3. Fill a buttered roll. 4. Serve with fries."
Sauerbraten,Foreign,Non-Vegetarian,"Beef, vinegar, spices","Marinate beef, slow-cook.",Mild,10,3,444,9,51,16,1. Marinate beef in vinegar and spices for days. 2. Brown the meat and simmer in the marinade. 3. Serve with gravy and potatoes.
Ceviche,Foreign,Non-Vegetarian,"Fish, lime, onions, chili","Marinate fish in lime juice, serve cold.",Mild,55,3,554,4,37,11,"1. Marinate raw fish in lime juice. 2. Add onions, cilantro, and chili. 3. Chill and serve with corn or sweet potato."
Arepa,Foreign,Vegetarian,"Cornmeal, water, salt","Make dough, grill till golden.",Mild,40,2,543,13,27,5,"1. Mix cornmeal, water, and salt into a dough. 2. Shape into discs and cook on a skillet. 3. Slice and fill with cheese or meat. 4. Serve warm."
Empanada,Foreign,Vegetarian,"Dough, meat/cheese filling","Fill dough, fold, bake or fry.",Mild,45,2,499,30,46,18,1. Prepare dough with flour and butter. 2. Fill with spiced meat or veggies. 3. Fold and seal. 4. Bake or fry until golden. 5. Serve with salsa.
Churros,Foreign,Vegetarian,"Flour, sugar, cinnamon, oil","Pipe dough, fry, coat in sugar.",Medium,60,3,523,21,40,20,"1. Boil water, butter, and flour to make dough. 2. Pipe into hot oil and fry. 3. Coat with sugar. 4. Serve with chocolate sauce."
Baba Ganoush,Foreign,Low-Carb,"Eggplant, tahini, garlic","Roast eggplant, blend with spices.",High,45,1,502,24,46,21,"1. Roast eggplant until soft. 2. Blend with tahini, garlic, and lemon juice. 3. Season with salt and olive oil. 4. Serve with pita bread."
Bruschetta,Foreign,Vegetarian,"Bread, tomatoes, garlic, basil","Toast bread, top with tomato mixture.",Mild,50,4,465,23,40,22,"1. Toast bread slices. 2. Top with chopped tomatoes, basil, and garlic. 3. Drizzle with olive oil. 4. Serve as an appetizer."
Peking Duck,Foreign,High-Protein,"Duck, hoisin sauce, pancakes","Roast duck, serve in pancakes.",Mild,35,1,396,20,63,13,"1. Marinate duck with spices. 2. Roast until crispy. 3. Slice and serve with pancakes, hoisin sauce, and scallions."
Satay,Foreign,High-Protein,"Chicken skewers, peanut sauce","Grill skewers, serve with sauce.",Mild,25,1,297,2,45,25,1. Marinate meat in a spiced peanut sauce. 2. Skewer and grill. 3. Serve with peanut dipping sauce.
Tempura,Foreign,Vegetarian,"Shrimp/veggies, flour, egg","Dip in batter, deep-fry.",High,25,4,280,28,35,14,"1. Mix flour, egg, and ice water for batter. 2. Dip veggies or seafood in batter. 3. Fry until crispy. 4. Serve with dipping sauce."
Jambalaya,Foreign,Non-Vegetarian,"Rice, shrimp/chicken, bell peppers",Cook rice with proteins and spices.,Mild,40,2,167,12,47,17,"1. Sauté onions, bell peppers, and celery. 2. Add rice, broth, and spices. 3. Add meat and seafood. 4. Simmer until rice is cooked. 5. Serve hot."
Borscht,Foreign,Vegetarian,"Beets, beef, cabbage, sour cream","Boil beets, add broth, serve with cream.",Medium,45,1,444,16,32,13,"1. Cook beets, cabbage, and potatoes in broth. 2. Add tomatoes and vinegar. 3. Simmer until tender. 4. Serve with sour cream."
Pierogi,Foreign,Vegetarian,"Dough, potato/cheese filling","Fill dough, boil, then fry.",High,50,4,311,30,29,25,1. Prepare dough with flour and water. 2. Fill with mashed potatoes or cheese. 3. Boil and fry. 4. Serve with sour cream.
Tiramisu,Foreign,Vegetarian,"Mascarpone, coffee, ladyfingers","Layer biscuits & cream, chill.",High,45,2,353,23,17,3,1. Layer coffee-soaked ladyfingers and mascarpone cream. 2. Dust with cocoa powder. 3. Chill for hours. 4. Serve cold.
SoufflâˆšÂ©,Foreign,High-Protein,"Eggs, sugar, butter, flour","Whisk, bake until puffy.",Mild,45,1,393,30,32,3,"1. Prepare a base with butter, flour, and milk. 2. Fold in whipped egg whites. 3. Bake until risen. 4. Serve immediately."
Eclairs,Foreign,Vegetarian,"Choux pastry, cream, chocolate","Bake, fill with cream, coat with chocolate.",High,50,4,320,12,70,3,1. Make choux pastry and pipe into logs. 2. Bake until puffed. 3. Fill with pastry cream. 4. Top with chocolate glaze.
Tzatziki,Foreign,High-Protein,"Yogurt, cucumber, garlic","Mix all ingredients, chill.",Mild,15,2,299,9,35,1,"1. Grate cucumber and squeeze out water. 2. Mix with yogurt, garlic, and olive oil. 3. Season with salt and dill. 4. Serve as a dip."
Couscous,Foreign,Vegetarian,"Couscous, veggies, broth","Steam with broth, fluff with fork.",High,55,2,196,30,32,7,"1. Cook couscous in boiling water. 2. Fluff with a fork. 3. Add veggies, herbs, and olive oil. 4. Serve as a side dish."
Mole,Foreign,Vegetarian,"Chocolate, chili, spices, chicken","Simmer sauce, coat over meat.",High,15,1,394,18,37,1,"1. Toast and blend spices, nuts, and chocolate. 2. Cook with broth until thickened. 3. Serve over chicken or rice."
Clam Chowder,Foreign,High-Protein,"Clams, potatoes, cream, bacon",Simmer clams in creamy broth.,High,20,4,236,19,67,20,"1. Sauté onions, celery, and potatoes. 2. Add clams and broth. 3. Simmer until tender. 4. Add cream and season. 5. Serve with bread."
Maggi,Easy to Cook,Vegetarian,"Maggi noodles, water, masala","Boil water, add noodles & masala, cook for 2 mins.",Mild,45,3,512,25,63,11,1. Boil water in a pan. 2. Add Maggi noodles and cook for 2 minutes. 3. Add the tastemaker and stir. 4. Cook until the water evaporates. 5. Serve hot.
Upma,Easy to Cook,Vegetarian,"Semolina, mustard seeds, veggies","Roast semolina, cook with tempered spices & veggies.",High,60,3,131,10,39,8,"1. Roast rava (semolina) in ghee until aromatic. 2. Sauté mustard seeds, urad dal, onions, and green chilies. 3. Add water and salt, bring to a boil. 4. Add roasted rava and cook until soft. 5. Garnish with coriander leaves. Serve with chutney."
Poha,Easy to Cook,Vegetarian,"Flattened rice, peanuts, onion","Soak poha, sautÃˆ with spices & veggies.",Mild,30,3,241,24,27,24,"1. Rinse flattened rice (poha) and drain. 2. Sauté mustard seeds, curry leaves, onions, and green chilies. 3. Add turmeric and poha, mix well. 4. Cook for 2-3 minutes. 5. Garnish with coriander and lemon juice. Serve hot."
Egg Curry,Easy to Cook,High-Protein,"Eggs, onion, tomato, spices","Boil eggs, cook in spiced gravy.",Medium,45,2,376,13,79,15,"1. Boil eggs and peel them. 2. Sauté onions, tomatoes, and spices. 3. Add water and simmer to make gravy. 4. Add boiled eggs and cook for 5 minutes. 5. Garnish with coriander. Serve with rice or roti."
Dal Fry,Easy to Cook,High-Protein,"Lentils, onion, garlic, tomato","Boil lentils, temper with spices.",High,35,4,589,25,15,4,"1. Cook toor dal with turmeric and salt. 2. Temper mustard seeds, cumin seeds, garlic, and red chilies in ghee. 3. Add the tempering to the dal. 4. Garnish with coriander. 5. Serve with rice or roti."
Khichdi,Easy to Cook,High-Protein,"Rice, lentils, veggies, ghee",Cook rice & dal with veggies & spices.,Mild,10,4,537,17,68,20,"1. Cook rice and moong dal with turmeric and salt. 2. Temper cumin seeds, asafoetida, and ghee. 3. Add the tempering to the khichdi. 4. Serve with curd or pickle."
Aloo Bhujia,Easy to Cook,Vegetarian,"Potatoes, oil, spices",Fry potatoes with spices till crispy.,Mild,35,4,341,21,48,12,1. Peel and slice potatoes thinly. 2. Heat oil and fry the slices until crispy. 3. Drain excess oil and sprinkle salt and spices. 4. Cool and store in an airtight container.
Sprout Salad,Easy to Cook,High-Protein,"Sprouts, onion, tomato, lemon",Mix sprouts with veggies & lemon juice.,High,30,1,424,23,25,10,"1. Mix sprouted lentils with chopped veggies (cucumber, tomato, onion). 2. Add lemon juice, salt, and chaat masala. 3. Toss well. 4. Serve fresh."
Oats Porridge,Easy to Cook,High-Fiber,"Oats, milk, honey, nuts","Cook oats with milk, top with honey & nuts.",Mild,15,3,425,7,15,24,1. Boil water or milk in a pan. 2. Add oats and cook until soft. 3. Add sugar or salt as per taste. 4. Garnish with nuts or fruits. 5. Serve warm.
Peanut Chaat,Easy to Cook,Vegetarian,"Peanuts, onion, tomato, lemon",Toss roasted peanuts with spices & veggies.,Medium,25,4,597,21,28,17,"1. Roast peanuts until crunchy. 2. Mix with chopped onions, tomatoes, and green chilies. 3. Add lemon juice, salt, and chaat masala. 4. Toss well. 5. Serve fresh."
Vegetable Sandwich,Easy to Cook,Vegetarian,"Bread, butter, veggies, cheese",Assemble veggies & cheese between buttered bread.,Medium,20,3,280,18,61,16,"1. Spread butter on bread slices. 2. Layer with sliced veggies (cucumber, tomato, lettuce). 3. Add green chutney or mayo. 4. Cover with another bread slice. 5. Grill or serve as is."
Rava Dosa,Easy to Cook,Vegetarian,"Semolina, rice flour, yogurt","Make batter, spread thin on hot pan, cook.",High,45,1,481,29,29,25,"1. Mix rava, rice flour, and buttermilk into a batter. 2. Add chopped onions, green chilies, and curry leaves. 3. Heat a tawa, pour the batter, and spread thinly. 4. Cook until crispy. 5. Serve with chutney."
Curd Rice,Easy to Cook,High-Probiotic,"Rice, curd, mustard, curry leaves","Mix rice with curd, temper with spices.",Medium,25,1,420,10,31,19,"1. Cook rice and let it cool. 2. Mix curd (yogurt) with the rice. 3. Temper mustard seeds, urad dal, curry leaves, and green chilies in oil. 4. Add the tempering to the curd rice. 5. Garnish with grated carrots or pomegranate seeds. Serve chilled."
Lemon Rice,Easy to Cook,Vegetarian,"Rice, lemon, mustard seeds, turmeric","SautÃˆ spices, mix with rice & lemon juice.",High,35,4,321,7,75,15,"1. Cook rice and let it cool. 2. Temper mustard seeds, urad dal, curry leaves, and green chilies in oil. 3. Add turmeric and lemon juice. 4. Mix with the rice. 5. Serve with papad or pickle."
Tamarind Rice,Easy to Cook,Vegetarian,"Rice, tamarind, mustard, chilies","Cook rice, mix with tamarind-spiced mix.",Mild,20,4,110,4,77,11,"1. Cook rice and let it cool. 2. Prepare tamarind paste with spices and jaggery. 3. Temper mustard seeds, curry leaves, and peanuts in oil. 4. Mix the tamarind paste and tempering with the rice. 5. Serve with papad or curd."
Besan Chilla,Easy to Cook,High-Protein,"Gram flour, spices, onion","Make batter, cook like pancakes.",Mild,30,2,198,18,33,21,"1. Mix besan, water, and spices into a batter. 2. Pour on a hot tawa and cook like a pancake. 3. Add chopped vegetables (optional). 4. Serve with chutney."
Banana Pancake,Easy to Cook,Vegetarian,"Banana, flour, milk, eggs","Mix batter, cook on a pan till golden.",High,30,1,274,17,75,12,"1. Mash bananas and mix with flour, milk, and sugar. 2. Heat a pan, pour the batter, and cook until bubbles form. 3. Flip and cook the other side. 4. Serve with honey or syrup."
Idiyappam,Easy to Cook,Vegetarian,"Rice flour, water, salt","Make dough, press into strings, steam.",Medium,20,4,273,26,69,23,1. Mix rice flour with hot water to make dough. 2. Press the dough through an idiyappam maker onto steamer plates. 3. Steam for 5-7 minutes. 4. Serve with coconut milk or curry.
Boiled Egg,Easy to Cook,High-Protein,"Eggs, water, salt",Boil eggs in water for 10 mins.,High,35,4,598,6,56,14,1. Place eggs in a pot of water. 2. Boil for 8-10 minutes. 3. Remove and cool in cold water. 4. Peel and serve with salt and pepper.
Fried Rice,Easy to Cook,Vegetarian,"Rice, veggies, soy sauce","SautÃˆ veggies, mix with cooked rice.",Mild,10,2,289,28,40,7,"1. Cook rice and let it cool. 2. Sauté veggies (carrots, beans, peas) in oil. 3. Add soy sauce, vinegar, and salt. 4. Mix with the rice and cook for 2-3 minutes. 5. Serve hot."
Tomato Soup,Easy to Cook,Vegetarian,"Tomatoes, garlic, butter","Blend cooked tomatoes, season & simmer.",Mild,40,4,552,6,30,9,1. Boil tomatoes with water and blend into a puree. 2. Strain and cook with salt and pepper. 3. Add butter or cream. 4. Garnish with croutons or coriander. 5. Serve hot.
Garlic Bread,Easy to Cook,Vegetarian,"Bread, garlic, butter","Spread garlic butter, toast till crispy.",Mild,25,4,208,27,32,3,"1. Mix butter, garlic, and herbs. 2. Spread on bread slices. 3. Bake or toast until golden. 4. Serve hot."
Masala Papad,Easy to Cook,Low-Calorie,"Papad, onion, tomato, chili","Fry/roast papad, top with spiced veggies.",Mild,20,3,280,16,40,19,"1. Roast papad on a flame or in a microwave. 2. Top with chopped onions, tomatoes, and spices. 3. Add a squeeze of lemon juice. 4. Serve as a snack."
Onion Pakora,Easy to Cook,Vegetarian,"Onion, gram flour, spices","Mix, fry in hot oil till crisp.",Medium,10,1,403,12,72,8,"1. Mix sliced onions with besan, spices, and water. 2. Heat oil and drop spoonfuls of the mixture. 3. Fry until golden brown. 4. Drain excess oil. 5. Serve with chutney."
Cornflakes,Easy to Cook,Vegetarian,"Cornflakes, milk, honey",Serve cornflakes with milk & honey.,High,60,1,337,3,74,2,1. Pour cornflakes into a bowl. 2. Add cold or warm milk. 3. Add sugar or fruits (optional). 4. Serve immediately.
Puffed Rice,Easy to Cook,Low-Calorie,"Puffed rice, peanuts, spices",Mix with roasted peanuts & masala.,Mild,50,1,593,21,14,5,"1. Dry roast puffed rice in a pan. 2. Mix with chopped onions, tomatoes, and green chilies. 3. Add lemon juice, salt, and chaat masala. 4. Toss well. 5. Serve fresh."
Stuffed Paratha,Easy to Cook,Vegetarian,"Wheat flour, potato/paneer stuffing, ghee, curd/pickle","Stuff dough, roll, cook on pan.",Medium,50,4,123,7,72,15,1. Prepare dough with wheat flour and water. 2. Stuff with spiced potato or paneer mixture. 3. Roll into discs and cook on a tawa. 4. Brush with ghee. 5. Serve with curd or pickle.
Egg Bhurji,Easy to Cook,High-Protein,"Eggs, onion, spices",Scramble eggs with spices.,High,25,3,318,13,74,10,"1. Sauté onions, tomatoes, and green chilies. 2. Beat eggs and pour into the pan. 3. Scramble until cooked. 4. Garnish with coriander. 5. Serve with roti or bread."
Vegetable Pulao,Easy to Cook,Vegetarian,"Rice, veggies, spices",Cook rice with veggies & whole spices.,High,30,1,411,14,43,3,"1. Sauté whole spices, onions, and veggies in oil. 2. Add rice and water. 3. Cook until the rice is done. 4. Garnish with coriander. 5. Serve with raita."
Sabudana Khichdi,Easy to Cook,Vegetarian,"Sabudana, peanuts, potato","Soak sabudana, cook with peanuts & spices.",High,55,3,515,27,37,17,"1. Soak sabudana for 2-3 hours. 2. Temper cumin seeds, green chilies, and peanuts in oil. 3. Add sabudana and cook until translucent. 4. Add salt and lemon juice. 5. Serve hot."
Vegetable Wrap,Easy to Cook,Vegetarian,"Tortilla, veggies, sauce","Fill tortilla with veggies, wrap.",Mild,45,3,366,23,73,6,1. Spread green chutney or mayo on a tortilla. 2. Layer with sliced veggies and paneer. 3. Roll tightly. 4. Grill or serve as is.
Paneer Bhurji,Easy to Cook,High-Protein,"Paneer, onion, tomato, spices","Crumble paneer, cook with spices.",Medium,55,4,590,22,56,3,"1. Crumble paneer and sauté with onions, tomatoes, and spices. 2. Cook until dry. 3. Garnish with coriander. 4. Serve with roti or paratha."
Fruit Salad,Easy to Cook,High-Fiber,"Fruits, honey, lemon juice","Chop fruits, mix with honey & lemon.",High,40,4,132,16,62,18,"1. Chop mixed fruits (apple, banana, grapes, etc.). 2. Add honey or yogurt. 3. Toss well. 4. Chill and serve."
Grilled Cheese Sandwich,Easy to Cook,Vegetarian,"Bread, butter, cheese","Butter bread, grill with cheese inside.",High,12,4,267,28,68,14,1. Spread butter on bread slices. 2. Add cheese slices. 3. Grill until the cheese melts. 4. Serve hot.
Instant Noodles,Easy to Cook,Vegetarian,"Noodles, hot water, masala","Boil noodles, mix in masala.",Medium,55,1,233,5,78,2,1. Boil water and add noodles. 2. Cook for 2-3 minutes. 3. Add the tastemaker and stir. 4. Serve hot.
Milkshake,Easy to Cook,High-Calorie,"Milk, sugar, fruits",Blend all together till smooth.,Mild,35,2,501,9,15,22,"1. Blend milk, ice cream, and fruits. 2. Pour into a glass. 3. Top with whipped cream (optional). 4. Serve chilled."
Scrambled Eggs,Easy to Cook,High-Protein,"Eggs, butter, salt, pepper",Cook beaten eggs with butter.,Medium,35,3,465,23,51,8,1. Beat eggs with salt and pepper. 2. Cook in a pan with butter. 3. Scramble until soft and fluffy. 4. Serve with toast.
Yogurt Smoothie,Easy to Cook,High-Probiotic,"Yogurt, fruit, honey",Blend yogurt & fruits till smooth.,High,40,2,157,18,25,11,"1. Blend yogurt, fruits, and honey. 2. Add ice cubes (optional). 3. Pour into a glass. 4. Serve chilled."
Pasta Salad,Easy to Cook,Vegetarian,"Pasta, veggies, dressing","Cook pasta, mix with veggies & dressing.",Mild,60,4,575,19,60,23,1. Cook pasta and let it cool. 2. Mix with chopped veggies and dressing. 3. Toss well. 4. Chill and serve.
Vegetable Stir Fry,Easy to Cook,Low-Calorie,"Veggies, soy sauce, garlic",Stir-fry veggies with garlic & sauce.,High,40,1,220,3,36,18,"1. Sauté veggies (broccoli, carrots, bell peppers) in oil. 2. Add soy sauce and spices. 3. Cook until tender. 4. Serve hot."
Rice Pudding,Easy to Cook,High-Calorie,"Rice, milk, sugar, nuts","Cook rice in milk, add sugar & nuts.",High,55,3,498,3,29,5,1. Cook rice with milk and sugar. 2. Add cardamom and nuts. 3. Simmer until thickened. 4. Serve warm or cold.
Bread Omlette,Easy to Cook,Non-Vegetarian,"Bread slices, eggs, onions, tomatoes, green chilies, salt, pepper, butter, coriander leaves","Beat eggs with spices, cook on a pan, place bread inside, fold, and serve",Mild,10,3,300,15,25,12,"1. Beat eggs with salt, pepper, chopped onions, tomatoes, and green chilies. 2. Heat butter in a pan, pour the egg mixture. 3. Place bread slices on top and cook. 4. Flip, fold, and serve hot."
Coconut Milk,Easy to Cook,Vegetarian,"Fresh coconut, warm water, sugar (optional)","Blend grated coconut with warm water, strain, and extract milk",None,10,3,150,2,4,14,1. Blend grated coconut with warm water. 2. Strain using a muslin cloth or fine sieve. 3. Collect the milk and use as needed. 4. Sweeten if desired.
Kambu Kool,Easy to Cook,Vegetarian,"Pearl millet (kambu), buttermilk, salt, small onions","Cook millet, cool, mix with buttermilk and onions",Mild,40,3,250,8,45,2,"1. Wash and cook pearl millet in water until soft. 2. Allow it to cool, mash well. 3. Mix with buttermilk, salt, and chopped onions. 4. Serve chilled."
Ragi Kool,Easy to Cook,Vegetarian,"Finger millet flour (ragi), water, buttermilk, salt","Cook ragi flour into a porridge, cool, mix with buttermilk",Mild,30,3,220,7,50,1,1. Mix ragi flour with water and cook until thick. 2. Allow to cool and set. 3. Mix with buttermilk and salt. 4. Serve chilled.
Ice Cream,Easy to Cook,Vegetarian,"Milk, sugar, cream, vanilla extract (or flavor of choice)","Blend ingredients, freeze until set",None,120,3,200,3,25,10,"1. Mix milk, sugar, and cream in a bowl. 2. Add vanilla or any preferred flavor. 3. Blend well and pour into a container. 4. Freeze for at least 4 hours. 5. Scoop and serve."
Rice Kheer,Easy to Cook,High-Calorie,"Rice, milk, sugar, cardamom","Cook rice in milk, add sugar & spices.",Mild,35,4,568,15,79,7,1. Cook rice with milk and sugar. 2. Add cardamom and nuts. 3. Simmer until thickened. 4. Serve warm or cold.
Banana Smoothie,Easy to Cook,High-Fiber,"Banana, milk, honey",Blend all together till creamy.,High,45,4,362,10,27,6,"1. Blend bananas, milk, and honey. 2. Add ice cubes (optional). 3. Pour into a glass. 4. Serve chilled."
Mango Lassi,Easy to Cook,High-Probiotic,"Mango, yogurt, sugar",Blend mango with yogurt & sugar.,Medium,10,4,128,8,50,15,"1. Blend mango pulp, yogurt, and sugar. 2. Add ice cubes (optional). 3. Pour into a glass. 4. Serve chilled."
Cucumber Raita,Easy to Cook,Vegetarian,"Yogurt, cucumber, spices","Grate cucumber, mix with yogurt & spices.",Medium,20,3,314,29,14,11,"1. Grate cucumber and squeeze out water. 2. Mix with yogurt, salt, and roasted cumin. 3. Serve chilled."
Rose Milk,Easy to Cook,Vegetarian,"Milk, rose syrup, sugar, cardamom (optional), ice cubes",Mix rose syrup and sugar with chilled milk,Mild,5,1,150,5,25,4,1. Take chilled milk in a glass. 2. Add rose syrup and sugar. 3. Mix well until combined. 4. Add ice cubes and serve chilled.
Badam Milk,Easy to Cook,Vegetarian,"Milk, almonds (badam), sugar, saffron, cardamom powder",Blend almonds into a paste and mix with warm milk and sugar,Mild,15,1,200,8,28,6,"1. Soak almonds in warm water for 30 minutes and peel the skin. 2. Grind almonds into a smooth paste with little milk. 3. Heat milk in a pan and add almond paste, sugar, saffron, and cardamom powder. 4. Simmer for 5 minutes while stirring. 5. Serve warm or chilled."
Nannari Sarbath,Easy to Cook,Vegetarian,"Nannari syrup, lemon juice, sugar, cold water, ice cubes","Mix nannari syrup, lemon juice, and sugar in cold water",Mild,5,1,120,1,30,0,1. Take a glass of cold water. 2. Add nannari syrup and sugar. 3. Mix well until sugar dissolves. 4. Add lemon juice and ice cubes. 5. Serve chilled.
Mutta Mittai,Easy to Cook,Non-Vegetarian,"Eggs, sugar, cardamom powder, ghee, flour (optional)",Beat eggs with sugar and cook in ghee until fluffy,Mild,20,1,300,10,40,12,1. Beat eggs with sugar until fluffy. 2. Heat ghee in a pan and add the egg mixture. 3. Stir continuously on low flame. 4. Add cardamom powder and cook until thick. 5. Cut into pieces and serve.
Custard,Easy to Cook,Vegetarian,"Milk, custard powder, sugar, vanilla essence, chopped fruits (banana, apple, mango, pomegranate)","Cook custard powder with milk and sugar, then chill and mix with fruits",Mild,30,1,250,6,40,5,"1. Mix custard powder with a little milk to form a smooth paste. 2. Boil the remaining milk and add sugar. 3. Add the custard paste and stir continuously. 4. Simmer until thick and smooth. 5. Let it cool, then refrigerate. 6. Add chopped fruits before serving."
Tomato Chutney,Easy to Cook,Low-Calorie,"Tomato, garlic, chilies",Blend cooked tomatoes with spices.,Mild,30,2,429,4,47,2,"1. Sauté tomatoes, onions, and spices. 2. Blend into a smooth paste. 3. Temper mustard seeds and curry leaves in oil. 4. Add the tempering to the chutney. 5. Serve with dosa or idli."
Roti Roll,Easy to Cook,High-Fiber,"Roti, paneer/chicken filling","Fill roti with stuffing, roll.",Mild,50,3,174,14,69,24,1. Spread green chutney on a roti. 2. Add sliced veggies or paneer. 3. Roll tightly. 4. Grill or serve as is.
Paneer Tikka Wrap,Easy to Cook,High-Protein,"Paneer, spices, roti","Marinate paneer, grill, wrap in roti.",Mild,25,1,126,18,76,1,1. Marinate paneer cubes with spices and yogurt. 2. Grill or bake until charred. 3. Spread chutney on a tortilla. 4. Add paneer tikka and veggies. 5. Roll tightly and serve.
Butter Chicken,North Indian,High-Protein,"Chicken, Butter, Tomato, Cream, Spices, Garlic, Ginger","Marinate chicken with yogurt and spices, cook in butter, add tomato gravy and cream.",High,40,4,466,3,74,14,"1. Marinate chicken with spices and yogurt. 2. Grill or bake the chicken. 3. Sauté onions, ginger, garlic, and tomatoes. 4. Blend into a smooth gravy, add butter and cream. 5. Add grilled chicken and simmer. Serve with naan or rice."
Chole Bhature,North Indian,High-Calorie,"Chickpeas, Flour, Yogurt, Spices, Oil, Onions, Tomatoes","Soak chickpeas, cook with spices; knead dough, roll and deep-fry Bhature.",High,25,1,335,6,25,14,"1. Soak chickpeas overnight and pressure cook. 2. Sauté onions, tomatoes, and chole masala. 3. Add cooked chickpeas and simmer. 4. For bhature, knead maida, yogurt, and baking soda into a dough. 5. Roll into discs and deep fry. Serve together."
Dal Makhani,North Indian,High-Protein,"Black Lentils, Kidney Beans, Butter, Cream, Spices, Garlic","Soak lentils overnight, cook with tomatoes, cream, and butter, simmer for a rich taste.",Medium,15,1,235,17,80,6,"1. Soak urad dal and rajma overnight, then pressure cook. 2. Sauté onions, tomatoes, ginger, and garlic. 3. Add cooked dal, cream, and butter. 4. Simmer for 30 minutes. 5. Garnish with coriander. Serve with naan or rice."
Paneer Tikka,North Indian,High-Protein,"Paneer, Yogurt, Spices, Bell Peppers, Onions, Garlic","Marinate paneer with yogurt and spices, grill or bake until golden.",Mild,60,1,530,15,18,12,"1. Marinate paneer cubes with spices, yogurt, and ginger-garlic paste. 2. Skewer with vegetables like capsicum and onions. 3. Grill or bake until charred. 4. Serve with mint chutney."
Rajma Chawal,North Indian,High-Protein,"Kidney Beans, Rice, Onions, Tomatoes, Garlic, Spices","Soak kidney beans, pressure cook with spices, serve with steamed rice.",Mild,60,2,327,23,45,10,"1. Soak rajma overnight and pressure cook. 2. Sauté onions, tomatoes, and rajma masala. 3. Add cooked rajma and simmer. 4. Cook rice separately. 5. Serve rajma with steamed rice."
Kadhi Pakora,North Indian,Vegetarian,"Besan (Gram Flour), Yogurt, Spices, Curry Leaves, Oil","Make gram flour batter, fry pakoras, cook in yogurt-based curry.",High,25,2,346,16,15,20,"1. Mix besan and yogurt to make kadhi. 2. Add turmeric, salt, and water. 3. For pakoras, mix besan with spices and deep fry. 4. Boil kadhi, add pakoras, and simmer. 5. Temper with mustard seeds and curry leaves. Serve with rice."
Aloo Paratha,North Indian,Vegetarian,"Wheat Flour, Potatoes, Spices, Ghee, Coriander","Stuff wheat dough with spiced mashed potatoes, roll and roast with ghee.",Medium,50,4,342,28,40,24,1. Boil and mash potatoes. 2. Add spices and mix well. 3. Stuff the mixture into wheat dough balls. 4. Roll into parathas and cook on a tawa with ghee. 5. Serve with curd or pickle.
Tandoori Roti,North Indian,Vegetarian,"Wheat Flour, Yogurt, Salt, Baking Soda, Butter","Knead flour dough, roll, cook in a tandoor or on a hot griddle.",Mild,45,3,133,11,41,3,"1. Knead wheat flour, water, and salt into a dough. 2. Roll into thin discs. 3. Cook on a tawa and finish in a tandoor or oven. 4. Brush with butter. 5. Serve with curry."
Bhindi Masala,North Indian,Low-Carb,"Okra (Bhindi), Tomatoes, Onions, Spices, Mustard Seeds","Stir-fry okra with onions, tomatoes, and spices until well cooked.",High,55,2,176,7,15,22,"1. Sauté bhindi (okra) in oil until crispy. 2. Add chopped onions, tomatoes, and spices. 3. Cook until the masala thickens. 4. Garnish with coriander. 5. Serve with roti or rice."
Shahi Paneer,North Indian,High-Calorie,"Paneer, Cashews, Cream, Tomato Puree, Spices, Butter","Cook paneer in a creamy, cashew-based tomato gravy with mild spices.",Medium,25,2,277,12,15,25,"1. Sauté onions, ginger, garlic, and tomatoes. 2. Blend into a smooth gravy. 3. Add cream, butter, and paneer cubes. 4. Simmer for 10 minutes. 5. Garnish with coriander. Serve with naan or rice."
Kofta Curry,North Indian,High-Calorie,"Gram Flour, Paneer, Potatoes, Spices, Cream, Tomatoes","Make spiced paneer-potato balls, deep-fry, and cook in a rich curry.",Mild,40,2,528,9,10,24,1. Mix grated vegetables or paneer with spices and besan. 2. Shape into balls and deep fry. 3. Prepare a tomato-based gravy. 4. Add koftas to the gravy and simmer. 5. Serve with rice or naan.
Baingan Bharta,North Indian,Low-Carb,"Eggplant, Tomatoes, Onions, Spices, Garlic, Mustard Seeds","Roast eggplant, mash with spices, onions, tomatoes, and garlic.",Medium,15,2,381,8,59,9,"1. Roast eggplant until soft. 2. Peel and mash the eggplant. 3. Sauté onions, tomatoes, and spices. 4. Add mashed eggplant and cook. 5. Garnish with coriander. Serve with roti."
Gatte ki Sabzi,North Indian,Vegetarian,"Besan (Gram Flour), Yogurt, Spices, Mustard Seeds, Curry Leaves","Make gram flour dumplings, boil, and cook in spiced yogurt curry.",Medium,20,1,589,30,19,18,1. Mix besan with spices and yogurt to make dough. 2. Shape into cylinders and boil. 3. Cut into pieces and fry. 4. Prepare a yogurt-based gravy. 5. Add gatte to the gravy and simmer. Serve with rice or roti.
Pindi Chole,North Indian,High-Protein,"Chickpeas, Tea Leaves, Spices, Onions, Garlic, Tomatoes","Cook chickpeas with tea bags for color, temper with dry spices.",Mild,35,2,433,8,80,6,"1. Soak chickpeas overnight and pressure cook. 2. Sauté spices, ginger, and garlic. 3. Add cooked chickpeas and simmer. 4. Garnish with coriander. 5. Serve with bhature or rice."
Matar Paneer,North Indian,High-Protein,"Paneer, Peas, Tomatoes, Onions, Spices, Cream",Cook paneer and green peas in a spiced tomato-based gravy.,Mild,25,2,519,7,10,17,"1. Sauté onions, tomatoes, and spices. 2. Add peas and paneer cubes. 3. Cook until the gravy thickens. 4. Garnish with coriander. 5. Serve with roti or rice."
Missi Roti,North Indian,Vegetarian,"Besan (Gram Flour), Wheat Flour, Spices, Ghee","Knead gram flour with spices, roll and cook on a tawa.",Medium,20,2,549,12,44,4,"1. Mix besan, wheat flour, and spices. 2. Knead into a dough with water. 3. Roll into discs and cook on a tawa. 4. Brush with ghee. 5. Serve with curd or pickle."
Amritsari Kulcha,North Indian,Vegetarian,"Maida (Flour), Yogurt, Potatoes, Coriander, Butter","Stuff refined flour dough with potatoes, bake or roast with butter.",Mild,10,2,351,11,33,22,"1. Knead maida, yogurt, and baking soda into a dough. 2. Stuff with spiced potato mixture. 3. Roll into discs and cook on a tawa. 4. Brush with butter. 5. Serve with chole."
Makke ki Roti,North Indian,Gluten-Free,"Corn Flour, Salt, Water, Ghee","Knead corn flour dough, flatten, cook on a tawa with ghee.",Mild,30,2,103,5,16,10,"1. Mix maize flour, water, and salt into a dough. 2. Roll into discs and cook on a tawa. 3. Brush with ghee. 4. Serve with sarson da saag."
Sarson da Saag,North Indian,Low-Calorie,"Mustard Leaves, Spinach, Garlic, Corn Flour, Butter","Boil mustard leaves, blend, cook with ghee, serve with Makke ki Roti.",High,55,3,287,7,39,11,1. Boil mustard leaves and spinach. 2. Mash and cook with spices. 3. Temper with garlic and red chilies in ghee. 4. Add the tempering to the saag. 5. Serve with makke ki roti.
Dal Tadka,North Indian,High-Protein,"Yellow Lentils, Ghee, Garlic, Tomatoes, Mustard Seeds","Cook lentils, temper with ghee, garlic, and spices.",Medium,20,2,440,14,54,7,"1. Cook toor dal with turmeric and salt. 2. Temper mustard seeds, cumin seeds, garlic, and red chilies in ghee. 3. Add the tempering to the dal. 4. Garnish with coriander. 5. Serve with rice or roti."
Pav Bhaji,North Indian,Vegetarian,"Potatoes, Tomatoes, Peas, Capsicum, Butter, Spices","Mash vegetables, cook with butter and spices, serve with toasted pav.",High,40,4,164,17,10,6,"1. Boil and mash vegetables (potatoes, peas, etc.). 2. Sauté onions, tomatoes, and pav bhaji masala. 3. Add mashed vegetables and cook. 4. Toast pav (bread) with butter. 5. Serve with chopped onions and lemon."
Kachori,North Indian,Vegetarian,"Maida (Flour), Moong Dal, Spices, Oil, Asafoetida","Stuff dough with spiced lentil mix, deep-fry till golden.",Mild,15,1,224,18,12,14,"1. Mix flour, spices, and oil to make dough. 2. Stuff with spiced lentil or pea mixture. 3. Roll into discs and deep fry. 4. Serve with chutney."
Dahi Bhalla,North Indian,Probiotic,"Urad Dal, Yogurt, Tamarind Chutney, Spices","Soak lentils, grind, fry dumplings, serve in yogurt with chutneys.",High,10,2,478,15,45,15,"1. Soak urad dal, grind into a batter, and deep fry into vadas. 2. Soak vadas in water, then squeeze out excess water. 3. Add beaten curd, tamarind chutney, and spices. 4. Garnish with roasted cumin and coriander. 5. Serve chilled."
Puri Sabzi,North Indian,Vegetarian,"Wheat Flour, Potatoes, Spices, Ghee, Oil","Fry wheat dough to make puris, serve with spiced potato curry.",Mild,20,2,497,13,39,14,"1. Knead wheat flour, salt, and water into a dough. 2. Roll into small discs and deep fry. 3. For sabzi, cook potatoes with spices. 4. Serve puri with potato sabzi."
Kashmiri Dum Aloo,North Indian,Vegetarian,"Baby Potatoes, Yogurt, Kashmiri Red Chili, Spices","Fry baby potatoes, cook in spiced yogurt-based gravy.",Medium,25,2,340,16,12,18,1. Boil and fry baby potatoes. 2. Prepare a yogurt-based gravy with spices. 3. Add potatoes to the gravy and simmer. 4. Garnish with coriander. 5. Serve with rice or naan.
Khichdi,North Indian,High-Protein,"Rice, Moong Dal, Ghee, Spices, Vegetables",Cook rice and lentils together with mild spices.,Mild,55,4,129,21,72,12,"1. Cook rice and moong dal with turmeric and salt. 2. Temper cumin seeds, asafoetida, and ghee. 3. Add the tempering to the khichdi. 4. Serve with curd or pickle."
Methi Thepla,North Indian,Vegetarian,"Wheat Flour, Fenugreek Leaves, Yogurt, Spices","Knead wheat flour with fenugreek and spices, roll and cook.",Mild,50,4,348,29,57,18,"1. Mix wheat flour, besan, methi leaves, and spices. 2. Knead into a dough with water. 3. Roll into discs and cook on a tawa. 4. Brush with ghee. 5. Serve with curd or pickle."
Roti Sabzi,North Indian,Vegetarian,"Wheat Flour, Vegetables, Spices, Ghee","Make roti, cook mixed vegetables with spices.",Medium,40,4,227,15,77,10,"1. Knead wheat flour, water, and salt into a dough. 2. Roll into discs and cook on a tawa. 3. Prepare any vegetable curry (e.g., aloo gobi). 4. Serve roti with sabzi."
Aloo Gobi,North Indian,Vegetarian,"Potatoes, Cauliflower, Onions, Spices, Mustard Seeds",Stir-fry potatoes and cauliflower with spices and onions.,High,20,1,197,8,35,14,1. Sauté potatoes and cauliflower with spices. 2. Add tomatoes and cook until soft. 3. Garnish with coriander. 4. Serve with roti or rice.
Paneer Bhurji,North Indian,High-Protein,"Paneer, Onions, Tomatoes, Spices, Butter","Scramble paneer with onions, tomatoes, and spices.",High,30,4,389,28,62,24,"1. Crumble paneer and sauté with onions, tomatoes, and spices. 2. Cook until dry. 3. Garnish with coriander. 4. Serve with roti or paratha."
Besan Chilla,North Indian,High-Protein,"Besan (Gram Flour), Spices, Coriander, Green Chilies","Make gram flour batter, pan-fry into thin pancakes.",High,10,2,446,30,25,18,"1. Mix besan, water, and spices into a batter. 2. Pour on a hot tawa and cook like a pancake. 3. Add chopped vegetables (optional). 4. Serve with chutney."
Aloo Tikki,North Indian,Vegetarian,"Potatoes, Bread Crumbs, Spices, Oil, Coriander","Mash potatoes with spices, shape into patties, shallow fry.",Mild,15,2,249,4,36,25,1. Boil and mash potatoes. 2. Add spices and shape into patties. 3. Shallow fry until golden brown. 4. Serve with chutney or in chaat.
Litti Chokha,North Indian,Vegetarian,"Wheat Flour, Sattu, Mustard Oil, Spices, Tomatoes","Stuff wheat dough with sattu, bake, serve with mashed brinjal-potato mix.",Mild,35,3,105,23,17,14,"1. Mix wheat flour and sattu with spices to make dough. 2. Stuff with sattu mixture and bake or roast. 3. For chokha, mash roasted eggplant, tomatoes, and spices. 4. Serve litti with chokha and ghee."
Bhature,North Indian,Vegetarian,"Maida (Flour), Yogurt, Baking Soda, Oil","Knead refined flour with yogurt, ferment, roll and deep-fry.",Medium,55,1,175,27,60,12,"1. Knead maida, yogurt, and baking soda into a dough. 2. Roll into discs and deep fry. 3. Serve with chole."
Moong Dal Halwa,North Indian,Vegetarian,"Moong Dal, Ghee, Sugar, Cardamom, Milk","Roast ground moong dal in ghee, add sugar and milk, cook till thick.",Medium,30,1,207,21,69,8,"1. Soak moong dal, grind into a paste, and cook with ghee. 2. Add sugar and milk. 3. Cook until thickened. 4. Garnish with nuts. 5. Serve warm."
Gajar Ka Halwa,North Indian,Vegetarian,"Carrots, Milk, Sugar, Ghee, Cardamom, Nuts","Grate carrots, cook with milk, sugar, and ghee till soft.",Medium,50,1,187,10,56,23,1. Grate carrots and cook with milk. 2. Add sugar and khoya. 3. Cook until thickened. 4. Garnish with nuts. 5. Serve warm.
Peda,North Indian,Vegetarian,"Milk, Sugar, Cardamom, Ghee","Reduce milk, mix with sugar and cardamom, shape into small discs.",Medium,15,1,230,22,60,20,"1. Mix khoya, sugar, and cardamom powder. 2. Cook until thickened. 3. Shape into small discs. 4. Garnish with nuts. 5. Serve as a sweet."
Rasmalai,North Indian,Vegetarian,"Chhena (Paneer), Milk, Sugar, Cardamom, Saffron",Soak chhena patties in flavored thickened milk.,High,60,1,527,4,69,6,1. Boil small chenna balls in sugar syrup. 2. Prepare thickened milk with sugar and cardamom. 3. Soak the chenna balls in the milk. 4. Chill and serve.
Phirni,North Indian,Vegetarian,"Rice, Milk, Sugar, Cardamom, Saffron","Cook ground rice in milk, sweeten, garnish with saffron.",Mild,10,1,504,15,44,25,1. Soak rice and grind into a paste. 2. Cook with milk and sugar until thickened. 3. Add cardamom and nuts. 4. Chill and serve.
Malpua,North Indian,Vegetarian,"Maida (Flour), Milk, Sugar, Cardamom, Ghee","Make a batter of flour and milk, deep-fry, soak in sugar syrup.",Mild,15,3,378,2,45,4,"1. Mix flour, milk, and sugar into a batter. 2. Deep fry into pancakes. 3. Soak in sugar syrup. 4. Garnish with nuts. 5. Serve warm."
Rogan Josh,North Indian,High-Protein,"Mutton, Yogurt, Kashmiri Chili, Spices, Mustard Oil",Slow cook mutton with Kashmiri spices and yogurt till tender.,Medium,30,4,393,11,10,16,"1. Marinate mutton with spices and yogurt. 2. Sauté onions, ginger, and garlic. 3. Add marinated mutton and cook until tender. 4. Add tomato puree and simmer. 5. Garnish with coriander. Serve with rice or naan."
Seekh Kebab,North Indian,High-Protein,"Minced Meat, Garlic, Ginger, Spices, Butter","Mix minced meat with spices, skewer and grill.",Mild,55,1,435,9,19,21,1. Mix minced meat with spices and herbs. 2. Shape onto skewers and grill. 3. Serve with mint chutney.
Nihari,North Indian,High-Protein,"Mutton, Bone Marrow, Wheat Flour, Spices, Onions",Slow cook mutton with spices overnight for deep flavors.,Medium,55,4,378,29,47,20,1. Cook mutton with spices and wheat flour slurry. 2. Simmer for hours until tender. 3. Garnish with ginger and coriander. 4. Serve with naan.
Keema Paratha,North Indian,High-Protein,"Wheat Flour, Minced Meat, Spices, Butter","Stuff wheat dough with minced meat, roll and cook on tawa.",Medium,55,1,439,24,33,23,1. Sauté minced meat with spices. 2. Stuff into wheat dough balls. 3. Roll into parathas and cook on a tawa. 4. Serve with curd or pickle.
Mutton Korma,North Indian,High-Protein,"Mutton, Yogurt, Cashews, Spices, Onions","Cook mutton with yogurt, nuts, and rich spices.",Medium,15,4,115,19,35,25,"1. Marinate mutton with spices and yogurt. 2. Sauté onions, ginger, and garlic. 3. Add marinated mutton and cook until tender. 4. Add coconut milk and simmer. 5. Garnish with coriander. Serve with rice or naan."
Chana Masala,North Indian,High-Protein,"Chickpeas, Tomatoes, Onions, Spices, Garlic, Ginger",Cook chickpeas in spiced tomato-based gravy.,High,50,4,493,6,48,18,"1. Soak chickpeas overnight and pressure cook. 2. Sauté onions, tomatoes, and chana masala. 3. Add cooked chickpeas and simmer. 4. Garnish with coriander. 5. Serve with rice or bhature."
Tandoori Chicken,North Indian,High-Protein,"Chicken, Yogurt, Spices, Mustard Oil, Lemon","Marinate chicken in yogurt and spices, grill or bake.",Mild,10,2,470,21,69,22,1. Marinate chicken with spices and yogurt. 2. Grill or bake until charred. 3. Serve with mint chutney.
Murg Musallam,North Indian,High-Protein,"Whole Chicken, Yogurt, Cashews, Spices, Butter","Stuff whole chicken with spiced filling, slow-cook in rich gravy.",Mild,25,3,228,18,66,8,1. Marinate whole chicken with spices and yogurt. 2. Stuff with boiled eggs and spices. 3. Roast until golden brown. 4. Serve with naan or rice.
Handi Biryani,North Indian,Non-Vegetarian,"Basmati Rice, Mutton/Chicken, Spices, Yogurt, Saffron","Layer rice and marinated meat, slow cook in a sealed pot.",High,20,4,438,20,17,5,1. Marinate chicken with spices and yogurt. 2. Layer cooked rice and marinated chicken in a handi. 3. Seal and cook on low heat (dum) for 20 minutes. 4. Serve with raita.
Palak Paneer,North Indian,High-Protein,"Paneer, Spinach, Garlic, Spices, Cream","Blend spinach, cook with paneer, and mild spices.",Medium,55,1,305,2,70,20,"1. Blanch spinach and blend into a puree. 2. Sauté onions, tomatoes, and spices. 3. Add spinach puree and paneer cubes. 4. Simmer for 10 minutes. 5. Serve with naan or rice."
Dum Aloo,North Indian,Vegetarian,"Potatoes, Yogurt, Kashmiri Red Chili, Spices","Fry potatoes, cook in spicy gravy with yogurt.",Mild,40,4,452,9,51,22,1. Boil and fry baby potatoes. 2. Prepare a yogurt-based gravy with spices. 3. Add potatoes to the gravy and simmer. 4. Garnish with coriander. 5. Serve with rice or naan.
Makhan Malai,North Indian,Vegetarian,"Milk, Cream, Sugar, Saffron, Cardamom","Whip cream and milk, sweeten, garnish with saffron and nuts.",Medium,20,1,118,11,61,5,1. Whip cream and milk until frothy. 2. Add saffron and sugar. 3. Chill and serve.
Elaneer Payasam,South Indian,Vegetarian,"Tender coconut water, coconut flesh, jaggery, cardamom",Blend and cook lightly with jaggery,Mild,20,3,210,3,32,6,1. Extract tender coconut water and flesh. 2. Heat coconut water gently. 3. Add jaggery syrup and mix well. 4. Add coconut flesh and cardamom. 5. Cool and serve chilled.
Kothamalli Sadam,South Indian,Vegetarian,"Coriander leaves, rice, green chili, garlic, oil",Blend coriander paste and mix with rice,Medium,25,2,320,7,55,8,"1. Cook rice and cool slightly. 2. Grind coriander, chili, garlic. 3. Heat oil and sauté paste. 4. Mix with rice and salt. 5. Serve warm."
Moru Kuzhambu,South Indian,Vegetarian,"Buttermilk, coconut, cumin, green chili, vegetables",Simmer spiced buttermilk with veggies,Low,30,3,180,6,18,6,"1. Grind coconut, cumin, chili. 2. Add to buttermilk. 3. Add vegetables. 4. Simmer gently without boiling. 5. Temper and serve."
Vendakka Pachadi,South Indian,Vegetarian,"Okra, yogurt, coconut, mustard",Mix sautéed okra with yogurt sauce,Low,25,3,160,5,14,7,1. Slice and fry okra till crisp. 2. Grind coconut and mustard. 3. Mix paste with yogurt. 4. Add okra and salt. 5. Temper and serve.
Kumbakonam Degree Coffee,South Indian,Vegetarian,"Coffee powder, milk, water, sugar",Brew decoction and mix with milk,Low,10,1,90,3,10,3,1. Prepare coffee decoction. 2. Boil milk separately. 3. Mix decoction with milk. 4. Add sugar. 5. Serve frothy.
Thakkali Thokku,South Indian,Vegetarian,"Tomatoes, garlic, chili powder, oil",Cook tomatoes till thick paste,Medium,40,6,110,2,14,5,1. Chop tomatoes. 2. Cook with oil and garlic. 3. Add spices and salt. 4. Cook till oil separates. 5. Cool and store.
Kadalai Urundai,South Indian,Vegetarian,"Peanuts, jaggery, cardamom",Roll jaggery-coated peanuts,Mild,25,6,180,6,20,8,1. Dry roast peanuts. 2. Remove skins. 3. Melt jaggery syrup. 4. Mix peanuts. 5. Roll into balls.
Thengai Poli,South Indian,Vegetarian,"Coconut, jaggery, wheat flour, ghee",Stuff coconut filling in dough,Medium,45,4,290,6,38,10,1. Prepare coconut-jaggery filling. 2. Knead dough. 3. Stuff filling inside dough. 4. Roll gently. 5. Cook with ghee.
Kara Boondi,South Indian,Vegetarian,"Besan, chili powder, curry leaves",Fry spiced gram flour droplets,High,30,4,260,8,22,12,1. Make thick besan batter. 2. Drop into hot oil. 3. Fry till crisp. 4. Toss with spices. 5. Cool and store.
Chow Chow Kootu,South Indian,Vegetarian,"Chayote, lentils, coconut",Cook lentils with veggie,Low,35,3,200,9,28,5,1. Cook lentils till soft. 2. Add chopped chayote. 3. Grind coconut paste. 4. Mix and simmer. 5. Temper and serve.
Mullu Murukku,South Indian,Vegetarian,"Rice flour, urad flour, butter",Fry star-shaped murukku,Medium,40,5,310,7,30,14,1. Mix flours with butter. 2. Add water and knead. 3. Shape murukku. 4. Fry till golden. 5. Cool completely.
Kothavarangai Poriyal,South Indian,Vegetarian,"Cluster beans, coconut, mustard",Stir-fry with coconut,Low,25,3,140,4,18,4,1. Chop beans finely. 2. Cook till soft. 3. Add coconut. 4. Temper with mustard. 5. Serve hot.
Paalada Payasam,South Indian,Vegetarian,"Rice ada, milk, sugar, ghee",Cook ada in milk till thick,Mild,45,4,320,7,42,12,1. Cook ada till soft. 2. Boil milk slowly. 3. Add sugar. 4. Stir continuously. 5. Garnish with ghee.
Chilli Bajji,South Indian,Vegetarian,"Green chili, besan, spices",Coat and deep fry,High,20,3,230,6,25,11,1. Slit chilies. 2. Prepare besan batter. 3. Dip chilies. 4. Fry till crisp. 5. Serve hot.
Kozhukattai,South Indian,Vegetarian,"Rice flour, coconut, jaggery",Steam stuffed dumplings,Mild,40,4,210,5,32,6,1. Prepare sweet filling. 2. Make rice dough. 3. Shape dumplings. 4. Steam for 10 mins. 5. Serve warm.
Thattuvadai Set,South Indian,Vegetarian,"Rice crackers, chutneys, onion",Assemble layered snack,Medium,15,2,190,4,22,7,1. Prepare chutneys. 2. Arrange crackers. 3. Add fillings. 4. Stack layers. 5. Serve immediately.
Poondu Rasam,South Indian,Vegetarian,"Garlic, tamarind, pepper",Boil rasam spices,Medium,20,3,90,3,10,2,1. Crush garlic. 2. Extract tamarind water. 3. Add spices. 4. Simmer gently. 5. Temper and serve.
Vazhaipoo Vadai,South Indian,Vegetarian,"Banana flower, lentils",Grind and deep fry,Medium,45,4,250,9,30,10,1. Clean banana flower. 2. Soak lentils. 3. Grind coarsely. 4. Shape vadai. 5. Fry till crisp.
Keerai Masiyal,South Indian,Vegetarian,"Greens, garlic, chili",Mash cooked greens,Low,20,3,110,5,12,3,1. Clean greens. 2. Cook till soft. 3. Mash thoroughly. 4. Add garlic tempering. 5. Serve with rice.
Milagu Kuzhambu,South Indian,Vegetarian,"Pepper, tamarind, garlic",Boil spicy gravy,High,30,4,150,4,16,6,1. Crush pepper. 2. Heat oil with garlic. 3. Add tamarind water. 4. Simmer till thick. 5. Serve hot.
Ulundu Kali,South Indian,Vegetarian,"Urad dal flour, jaggery, ghee",Cook flour into thick mass,Mild,35,3,330,10,28,14,1. Roast urad flour. 2. Prepare jaggery syrup. 3. Mix flour slowly. 4. Stir continuously. 5. Add ghee and serve.
Seeni Sambol,South Indian,Vegetarian,"Onion, chili, coconut",Sauté sweet spicy onion,Medium,25,3,160,3,18,6,1. Slice onions. 2. Sauté till caramelized. 3. Add chili. 4. Mix coconut. 5. Serve as side.
Kambu Adai,South Indian,Vegetarian,"Pearl millet flour, onion",Cook thick pancakes,Medium,30,3,220,7,34,6,1. Prepare batter. 2. Rest for 20 mins. 3. Heat tawa. 4. Spread thick adai. 5. Cook both sides.
Sura Puttu,South Indian,Non-Vegetarian,"Shark meat, coconut, spices",Steam seasoned fish,High,45,3,280,22,6,14,1. Clean fish. 2. Marinate with spices. 3. Layer with coconut. 4. Steam till cooked. 5. Serve hot.
Chemmeen Thoran,South Indian,Non-Vegetarian,"Prawns, coconut, shallots",Stir-fry with coconut,Medium,25,3,240,20,8,12,1. Clean prawns. 2. Sauté shallots. 3. Add prawns. 4. Mix coconut. 5. Cook till dry.
Kozhi Varuval,South Indian,Non-Vegetarian,"Chicken, spices, curry leaves",Dry roast chicken,High,40,4,320,26,10,18,1. Marinate chicken. 2. Pressure cook lightly. 3. Pan roast with oil. 4. Add curry leaves. 5. Roast till dry.
Paneer Lababdar,North Indian,Vegetarian,"Paneer, tomatoes, cream, spices",Cook paneer in rich tomato gravy,Medium,40,4,360,18,20,22,"1. Heat oil and butter in a pan. 2. Sauté onions till golden. 3. Add tomato puree and spices. 4. Cook till oil separates. 5. Add paneer and cream, simmer and serve."
Aloo Tamatar Sabzi,North Indian,Vegetarian,"Potatoes, tomatoes, ginger",Simple potato tomato curry,Low,30,4,240,6,38,7,1. Heat oil and add cumin. 2. Add ginger and tomatoes. 3. Cook till soft. 4. Add potatoes and spices. 5. Simmer till cooked.
Lauki Kofta,North Indian,Vegetarian,"Bottle gourd, besan, spices",Fried koftas in gravy,Medium,45,4,310,10,28,16,1. Grate and squeeze lauki. 2. Mix with besan and spices. 3. Fry koftas. 4. Prepare tomato gravy. 5. Add koftas before serving.
Mushroom Masala,North Indian,Vegetarian,"Mushrooms, onion, tomato",Cook mushrooms in masala,Medium,35,3,220,9,18,10,1. Heat oil and sauté onions. 2. Add ginger-garlic. 3. Add tomatoes and spices. 4. Add mushrooms. 5. Cook till tender.
Palak Corn,North Indian,Vegetarian,"Spinach, sweet corn, cream",Creamy spinach corn curry,Low,30,3,260,8,22,14,1. Blanch spinach and blend. 2. Sauté corn in butter. 3. Add spinach puree. 4. Add spices and cream. 5. Simmer and serve.
Tawa Pulao,North Indian,Vegetarian,"Rice, vegetables, pav bhaji masala",Stir-fried spiced rice,Medium,25,3,340,8,52,9,1. Heat butter on tawa. 2. Sauté vegetables. 3. Add spices. 4. Mix cooked rice. 5. Toss well and serve.
Masala Khichiya,North Indian,Vegetarian,"Rice flour, cumin, chili",Crispy spiced crackers,Medium,30,4,210,5,28,8,1. Mix rice flour and spices. 2. Add water to form dough. 3. Roll thin discs. 4. Cook on tawa till crisp. 5. Cool and serve.
Karela Fry,North Indian,Vegetarian,"Bitter gourd, onion, spices",Shallow-fried karela,High,35,3,180,4,20,7,1. Slice karela thin. 2. Salt and rest. 3. Rinse and squeeze. 4. Fry with onions. 5. Cook till crisp.
Dum Ka Lauki,North Indian,Vegetarian,"Bottle gourd, yogurt, spices",Slow-cooked yogurt curry,Medium,40,4,230,7,18,12,1. Sauté lauki pieces. 2. Prepare yogurt masala. 3. Add spices. 4. Cover and cook on low. 5. Garnish and serve.
Amchur Lassi,North Indian,Vegetarian,"Yogurt, dry mango powder",Whisked spiced yogurt drink,Low,10,2,140,6,14,4,1. Add yogurt to blender. 2. Add amchur and salt. 3. Blend till smooth. 4. Chill. 5. Serve cold.
Paneer Kathi Roll,North Indian,Vegetarian,"Paneer, roti, onion",Stuffed spiced paneer roll,Medium,30,2,420,16,38,18,1. Marinate paneer. 2. Cook paneer on tawa. 3. Prepare roti. 4. Add fillings. 5. Roll and serve.
Matra Kulcha,North Indian,Vegetarian,"Dried peas, spices, kulcha",Spiced peas with bread,Medium,45,3,360,14,48,9,1. Soak and cook peas. 2. Add spices and boil. 3. Mash lightly. 4. Heat kulcha. 5. Serve together.
Bharwa Shimla Mirch,North Indian,Vegetarian,"Bell peppers, potato stuffing",Stuffed pepper curry,Medium,40,3,260,6,26,11,1. Prepare potato stuffing. 2. Stuff peppers. 3. Shallow fry. 4. Add gravy if needed. 5. Cook till soft.
Rajasthani Ker Sangri,North Indian,Vegetarian,"Desert beans, spices",Dry spicy sabzi,High,45,4,190,5,18,7,1. Soak ker sangri. 2. Boil till soft. 3. Sauté spices. 4. Add vegetables. 5. Cook till dry.
Chana Saag,North Indian,Vegetarian,"Chickpeas, spinach",Chickpeas cooked in greens,Low,35,4,290,14,36,8,1. Cook chickpeas. 2. Blanch spinach. 3. Blend spinach. 4. Add spices. 5. Simmer together.
Pyaaz Ki Kachori,North Indian,Vegetarian,"Onion, flour, spices",Fried stuffed kachori,High,50,4,420,8,44,20,1. Prepare dough. 2. Make onion filling. 3. Stuff dough balls. 4. Deep fry. 5. Serve hot.
Dahi Ke Kebab,North Indian,Vegetarian,"Hung curd, paneer",Crispy shallow-fried kebabs,Medium,30,3,260,12,14,14,1. Mix hung curd with paneer. 2. Add spices. 3. Shape kebabs. 4. Shallow fry. 5. Serve with chutney.
Khoya Matar,North Indian,Vegetarian,"Khoya, peas, spices",Rich khoya-based curry,Mild,35,3,390,14,24,26,1. Sauté khoya gently. 2. Add tomato gravy. 3. Add peas. 4. Add spices. 5. Simmer and serve.
Bajre Ki Roti,North Indian,Vegetarian,"Pearl millet flour, water",Flatbread cooked on tawa,Low,25,3,180,5,36,2,1. Knead bajra dough. 2. Shape flat roti. 3. Cook on tawa. 4. Apply ghee. 5. Serve hot.
Besan Gatte Pulao,North Indian,Vegetarian,"Besan gatte, rice",Spiced rice with gatte,Medium,40,3,350,10,48,10,1. Prepare gatte. 2. Cook rice. 3. Sauté spices. 4. Add gatte and rice. 5. Mix gently.
Murgh Do Pyaza,North Indian,Non-Vegetarian,"Chicken, onions",Double onion chicken curry,High,45,4,420,28,14,24,1. Fry half onions. 2. Cook chicken with spices. 3. Add remaining onions. 4. Simmer till thick. 5. Serve hot.
Chicken Changezi,North Indian,Non-Vegetarian,"Chicken, yogurt, cream",Rich creamy chicken curry,Medium,50,4,460,30,12,28,1. Marinate chicken. 2. Cook in gravy. 3. Add yogurt. 4. Add cream. 5. Simmer till done.
Bhuna Gosht,North Indian,Non-Vegetarian,"Mutton, spices",Slow-roasted meat curry,High,70,4,520,32,8,38,1. Heat oil and spices. 2. Add mutton. 3. Bhunao well. 4. Cook till oil separates. 5. Garnish and serve.
Kali Dal,North Indian,Vegetarian,"Black urad dal, butter",Creamy slow-cooked dal,Low,60,4,340,16,32,16,1. Soak dal overnight. 2. Pressure cook. 3. Add butter and spices. 4. Simmer slowly. 5. Serve hot.
Egg Curry Punjabi,North Indian,Non-Vegetarian,"Eggs, onion, tomato",Boiled eggs in gravy,Medium,30,3,290,14,16,16,1. Boil eggs. 2. Prepare onion gravy. 3. Add spices. 4. Add eggs. 5. Simmer and serve.
Methi Malai Murgh,North Indian,Non-Vegetarian,"Chicken, fenugreek, cream",Creamy methi chicken,Mild,45,4,440,28,10,30,1. Sauté methi. 2. Cook chicken. 3. Add spices. 4. Add cream. 5. Simmer gently.
Chicken Alfredo,Foreign,Non-Vegetarian,"Pasta, chicken, cream, garlic",Cook pasta and toss in creamy sauce,Mild,35,3,520,28,45,26,"1. Boil pasta till al dente. 2. Grill chicken pieces. 3. Sauté garlic in butter. 4. Add cream and seasoning. 5. Mix pasta and chicken, serve hot."
Vegetable Sushi,Foreign,Vegetarian,"Sushi rice, nori, vegetables",Roll seasoned rice with vegetables,Mild,45,4,300,6,58,4,1. Cook sushi rice. 2. Season with vinegar. 3. Prepare vegetables. 4. Roll with nori sheet. 5. Slice and serve.
Chicken Fajitas,Foreign,Non-Vegetarian,"Chicken, bell peppers, tortillas",Sauté chicken and veggies,Mild,30,3,420,26,38,18,1. Slice chicken and vegetables. 2. Marinate with spices. 3. Sauté on high heat. 4. Warm tortillas. 5. Assemble and serve.
Beef Stroganoff,Foreign,Non-Vegetarian,"Beef, mushrooms, cream",Cook beef in creamy mushroom sauce,Mild,45,4,560,32,18,38,1. Slice beef thinly. 2. Sauté mushrooms. 3. Cook beef quickly. 4. Add cream sauce. 5. Serve over rice or pasta.
Veggie Burger,Foreign,Vegetarian,"Beans, breadcrumbs, spices",Grill vegetable patty,Low,40,2,380,14,48,14,1. Mash beans and vegetables. 2. Add spices and crumbs. 3. Shape patties. 4. Grill or pan-fry. 5. Assemble burger.
Chicken Enchiladas,Foreign,Non-Vegetarian,"Chicken, tortillas, cheese",Bake stuffed tortillas,Medium,50,4,480,30,42,24,1. Cook and shred chicken. 2. Prepare sauce. 3. Stuff tortillas. 4. Top with cheese. 5. Bake till bubbly.
Minestrone Soup,Foreign,Vegetarian,"Vegetables, beans, pasta",Simmer vegetables and beans,Low,40,4,220,8,34,6,1. Chop vegetables. 2. Sauté in olive oil. 3. Add broth and beans. 4. Add pasta. 5. Simmer till cooked.
Chicken Teriyaki,Foreign,Non-Vegetarian,"Chicken, soy sauce, sugar",Glaze chicken in sauce,Mild,30,3,410,28,22,18,1. Prepare teriyaki sauce. 2. Pan-cook chicken. 3. Add sauce. 4. Reduce till glossy. 5. Serve with rice.
Greek Salad,Foreign,Vegetarian,"Tomato, cucumber, feta",Toss fresh vegetables,Low,15,3,180,5,12,12,1. Chop vegetables. 2. Add olives. 3. Crumble feta. 4. Drizzle olive oil. 5. Toss gently.
BBQ Chicken Wings,Foreign,Non-Vegetarian,"Chicken wings, BBQ sauce",Bake and glaze wings,Medium,45,4,460,30,14,32,1. Season wings. 2. Bake till crispy. 3. Toss in BBQ sauce. 4. Grill briefly. 5. Serve hot.
Margarita Pizza,Foreign,Vegetarian,"Pizza dough, tomato sauce, cheese",Bake pizza till cheese melts,Mild,40,4,520,22,62,22,1. Roll dough. 2. Spread sauce. 3. Add cheese. 4. Bake till golden. 5. Slice and serve.
Chicken Caesar Salad,Foreign,Non-Vegetarian,"Chicken, lettuce, dressing",Toss salad with dressing,Low,25,3,360,24,12,22,1. Grill chicken. 2. Chop lettuce. 3. Prepare dressing. 4. Toss together. 5. Top with chicken.
Stuffed Bell Peppers,Foreign,Vegetarian,"Bell peppers, rice, vegetables",Bake stuffed peppers,Low,45,3,300,8,46,8,1. Prepare filling. 2. Stuff peppers. 3. Place in tray. 4. Bake till tender. 5. Serve warm.
Fish Tacos,Foreign,Non-Vegetarian,"Fish, tortillas, cabbage",Assemble fried fish tacos,Medium,30,3,410,24,36,18,1. Batter and fry fish. 2. Warm tortillas. 3. Prepare slaw. 4. Assemble tacos. 5. Serve fresh.
Chicken Pot Pie,Foreign,Non-Vegetarian,"Chicken, vegetables, pastry",Bake creamy pie,Low,60,4,550,26,44,30,1. Cook chicken filling. 2. Prepare pastry. 3. Fill pie dish. 4. Cover with pastry. 5. Bake till golden.
Risotto,Foreign,Vegetarian,"Arborio rice, broth, cheese",Slowly cook rice with broth,Mild,45,3,420,12,58,14,1. Sauté rice. 2. Add warm broth gradually. 3. Stir constantly. 4. Add cheese. 5. Serve creamy.
Chicken Schnitzel,Foreign,Non-Vegetarian,"Chicken, breadcrumbs, egg",Bread and shallow fry,Medium,35,3,480,32,28,26,1. Flatten chicken. 2. Coat with crumbs. 3. Heat oil. 4. Fry till golden. 5. Drain and serve.
Vegetable Paella,Foreign,Vegetarian,"Rice, vegetables, saffron",Cook rice with vegetables,Mild,50,4,360,9,54,10,1. Sauté vegetables. 2. Add rice and spices. 3. Add broth. 4. Cook without stirring. 5. Rest and serve.
Honey Garlic Chicken,Foreign,Non-Vegetarian,"Chicken, honey, garlic",Glaze chicken with sauce,Mild,30,3,430,26,28,20,1. Cook chicken pieces. 2. Prepare honey garlic sauce. 3. Add sauce to chicken. 4. Reduce till sticky. 5. Serve hot.
Veg Queso Dip,Foreign,Vegetarian,"Cheese, milk, peppers",Melt cheese into dip,Low,20,4,320,12,10,24,1. Heat milk. 2. Add cheese slowly. 3. Stir continuously. 4. Add peppers. 5. Serve warm.
Chicken Yakitori,Foreign,Non-Vegetarian,"Chicken, soy sauce, skewers",Grill skewered chicken,Mild,25,3,360,28,12,20,1. Skewer chicken. 2. Prepare glaze. 3. Grill chicken. 4. Brush glaze. 5. Serve hot.
Vegetable Gnocchi,Foreign,Vegetarian,"Gnocchi, vegetables, sauce",Toss gnocchi with sauce,Mild,30,3,390,10,52,14,1. Boil gnocchi. 2. Sauté vegetables. 3. Add sauce. 4. Toss gnocchi. 5. Serve immediately.
Chicken Roulade,Foreign,Non-Vegetarian,"Chicken breast, stuffing",Roll and bake chicken,Medium,50,3,470,34,10,28,1. Flatten chicken breast. 2. Add stuffing. 3. Roll tightly. 4. Bake till cooked. 5. Slice and serve.
Veggie Lasagna Roll-Ups,Foreign,Vegetarian,"Lasagna sheets, vegetables",Bake rolled pasta,Low,55,4,430,16,46,18,1. Boil pasta sheets. 2. Prepare vegetable filling. 3. Roll sheets. 4. Top with sauce. 5. Bake till bubbly.
Chicken Tortilla Soup,Foreign,Non-Vegetarian,"Chicken, tomato broth",Simmer hearty soup,Medium,40,4,340,22,26,14,1. Cook chicken. 2. Prepare broth. 3. Add spices. 4. Simmer ingredients. 5. Garnish and serve.
Vegetable Ratatouille,Foreign,Vegetarian,"Zucchini, eggplant, tomato",Slow-cooked vegetable stew,Low,45,4,220,6,26,10,1. Slice vegetables. 2. Layer in pot. 3. Add herbs. 4. Cook slowly. 5. Serve warm.
Chicken Milanese,Foreign,Non-Vegetarian,"Chicken, breadcrumbs, egg",Crispy breaded chicken,Medium,35,3,480,30,26,28,1. Flatten chicken. 2. Coat with crumbs. 3. Heat oil. 4. Fry till crisp. 5. Serve hot.
Vegetable Omelette,Easy to Cook,Non-Vegetarian,"Eggs, onion, tomato, chili",Cook beaten eggs with vegetables,Low,15,1,220,14,6,16,"1. Chop vegetables finely. 2. Beat eggs with salt and pepper. 3. Heat pan with oil. 4. Add vegetables and sauté briefly. 5. Pour eggs, cook till set."
Paneer Sandwich,Easy to Cook,Vegetarian,"Paneer, bread, butter",Toast paneer-stuffed bread,Low,15,1,320,14,28,18,1. Crumble paneer. 2. Season with salt and pepper. 3. Spread butter on bread. 4. Add paneer filling. 5. Toast till golden.
Jeera Rice,Easy to Cook,Vegetarian,"Rice, cumin seeds, ghee",Temper cumin and mix with rice,Low,20,2,280,6,48,6,1. Cook rice and cool slightly. 2. Heat ghee in pan. 3. Add cumin seeds. 4. Add rice and salt. 5. Mix gently and serve.
Vegetable Dalia,Easy to Cook,Vegetarian,"Broken wheat, vegetables",Cook dalia with vegetables,Low,25,2,260,9,42,4,1. Dry roast dalia. 2. Add water and vegetables. 3. Cook till soft. 4. Add salt. 5. Serve hot.
Masala Toast,Easy to Cook,Vegetarian,"Bread, onion, tomato, spices",Toast spiced vegetable bread,Medium,15,2,240,6,30,10,1. Chop vegetables finely. 2. Mix with spices. 3. Spread on bread. 4. Toast on pan. 5. Serve hot.
Egg Fried Toast,Easy to Cook,Non-Vegetarian,"Eggs, bread, butter",Fry bread dipped in egg,Low,10,1,260,12,22,14,1. Beat egg with salt. 2. Dip bread slices. 3. Heat butter in pan. 4. Fry bread both sides. 5. Serve immediately.
Vegetable Poha Cutlet,Easy to Cook,Vegetarian,"Poha, potato, spices",Shallow fry cutlets,Medium,30,3,290,8,38,10,1. Soak poha briefly. 2. Mash with potato. 3. Add spices. 4. Shape cutlets. 5. Shallow fry till crisp.
Curd Sandwich,Easy to Cook,Vegetarian,"Yogurt, bread, cucumber",Assemble chilled sandwich,Low,10,1,210,7,28,6,1. Whisk yogurt with salt. 2. Chop cucumber. 3. Spread yogurt on bread. 4. Add cucumber. 5. Close and serve.
Vegetable Maggi Masala,Easy to Cook,Vegetarian,"Instant noodles, vegetables",Cook noodles with vegetables,Medium,15,1,340,8,48,12,1. Boil water. 2. Add noodles and masala. 3. Add chopped vegetables. 4. Cook till soft. 5. Serve hot.
Sweet Corn Salad,Easy to Cook,Vegetarian,"Sweet corn, onion, lemon",Mix corn with seasoning,Low,10,2,180,6,32,3,1. Boil sweet corn. 2. Cool slightly. 3. Add onion and lemon. 4. Season with salt. 5. Toss and serve.
Peanut Butter Toast,Easy to Cook,Vegetarian,"Bread, peanut butter",Toast bread with spread,Low,5,1,250,9,26,14,1. Toast bread slices. 2. Spread peanut butter evenly. 3. Optional honey drizzle. 4. Serve warm. 5. Enjoy immediately.
Vegetable Upma Cups,Easy to Cook,Vegetarian,"Rava, vegetables, spices",Cook rava with vegetables,Low,20,2,270,7,40,8,1. Dry roast rava. 2. Sauté vegetables. 3. Add water and rava. 4. Cook till thick. 5. Serve hot.
Egg Salad,Easy to Cook,Non-Vegetarian,"Boiled eggs, mayo",Mix chopped eggs with dressing,Low,10,2,310,14,6,24,1. Boil eggs. 2. Peel and chop. 3. Add mayonnaise. 4. Season lightly. 5. Serve chilled.
Vegetable Cheese Quesadilla,Easy to Cook,Vegetarian,"Tortilla, cheese, vegetables",Toast stuffed tortilla,Low,15,2,360,14,34,18,1. Heat tortilla. 2. Add vegetables and cheese. 3. Fold tortilla. 4. Toast till cheese melts. 5. Cut and serve.
Banana Peanut Smoothie,Easy to Cook,Vegetarian,"Banana, peanuts, milk",Blend into smoothie,Low,5,1,290,10,36,12,1. Peel banana. 2. Add peanuts and milk. 3. Blend till smooth. 4. Chill if needed. 5. Serve fresh.
Vegetable Omelette Wrap,Easy to Cook,Non-Vegetarian,"Eggs, vegetables, roti",Wrap omelette in roti,Medium,15,1,340,16,28,18,1. Prepare vegetable omelette. 2. Heat roti. 3. Place omelette on roti. 4. Roll tightly. 5. Serve warm.
Curd Pasta,Easy to Cook,Vegetarian,"Pasta, yogurt, herbs",Mix cooked pasta with curd,Low,20,2,310,10,42,8,1. Boil pasta. 2. Cool slightly. 3. Mix yogurt and herbs. 4. Add pasta. 5. Toss and serve.
Vegetable Lemon Rice,Easy to Cook,Vegetarian,"Rice, lemon juice, peanuts",Mix rice with lemon seasoning,Low,20,3,290,6,46,8,1. Cook rice and cool. 2. Heat oil and peanuts. 3. Add spices. 4. Mix rice and lemon juice. 5. Serve fresh.
Paneer Scramble,Easy to Cook,Vegetarian,"Paneer, onion, spices",Sauté crumbled paneer,Medium,15,2,330,18,14,20,1. Crumble paneer. 2. Sauté onions. 3. Add spices. 4. Add paneer. 5. Cook briefly.
Vegetable Rice Bowl,Easy to Cook,Vegetarian,"Rice, vegetables, sauce",Assemble rice and veggies,Low,15,2,300,7,46,6,1. Cook rice. 2. Sauté vegetables. 3. Season lightly. 4. Combine in bowl. 5. Serve warm.
Egg Drop Soup,Easy to Cook,Non-Vegetarian,"Eggs, broth",Pour eggs into boiling broth,Low,15,2,140,9,4,8,1. Boil broth. 2. Beat eggs lightly. 3. Slowly pour eggs. 4. Stir gently. 5. Season and serve.
Vegetable Idli Fry,Easy to Cook,Vegetarian,"Idli, vegetables, spices",Sauté idli with masala,Medium,20,2,260,7,38,8,1. Cut idli into cubes. 2. Sauté vegetables. 3. Add spices. 4. Add idli pieces. 5. Toss well.
Bread Pizza,Easy to Cook,Vegetarian,"Bread, sauce, cheese, onion, capsicum, seasonings",Toast bread pizza,Low,15,2,310,12,32,14,1. Spread sauce on bread. 2. Add toppings. 3. Sprinkle cheese. 4. Toast covered. 5. Serve hot.
Vegetable Khichu,Easy to Cook,Vegetarian,"Rice flour, vegetables",Cook flour with vegetables,Low,20,2,230,6,40,4,1. Boil water with spices. 2. Add vegetables. 3. Add rice flour slowly. 4. Stir continuously. 5. Serve hot.
Egg Paratha Roll,Easy to Cook,Non-Vegetarian,"Eggs, paratha",Roll egg inside paratha,Medium,15,1,360,15,30,20,1. Heat paratha. 2. Pour beaten egg. 3. Cook together. 4. Roll tightly. 5. Serve hot.
Vegetable Couscous,Easy to Cook,Vegetarian,"Couscous, vegetables",Steam couscous and mix,Low,15,2,270,8,44,6,1. Add hot water to couscous. 2. Cover and rest. 3. Fluff grains. 4. Add vegetables. 5. Toss and serve.
Milk Bread Pudding,Easy to Cook,Vegetarian,"Bread, milk, sugar",Bake or steam pudding,Low,25,3,290,8,34,10,1. Cut bread into pieces. 2. Heat milk and sugar. 3. Mix together. 4. Cook till set. 5. Cool and serve.
